Energy Demand (kWh),Energy PV (kWh)
1168,0
1104,0
1040,0
976,0
928,0
928,0
976,0
1312,0
1376,139.743
1312,465.165
1248,435.857
1312,294.855
1312,138.358
1296,89.616
1280,28.47
1232,0
1216,0
1280,0
1264,0
1264,0
1248,0
1232,0
1216,0
1152,0
944,0
960,0
896,0
912,0
928,0
976,0
1024,0
1392,5.697
1584,261.143
1808,551.506
2224,1141.646
2480,1512.662
2272,1574.506
2128,1457.887
2112,844.93
2176,12.594
2288,0
2608,0
2992,0
3088,0
3024,0
2944,0
2832,0
1856,0
1024,0
1008,0
944,0
944,0
944,0
960,0
1040,0
1344,2.773
1616,217.818
1792,533.861
2048,784.01
1840,966.371
1888,781.092
1968,521.346
1968,288.446
2096,0
2560,0
2880,0
2896,0
3056,0
2960,0
2976,0
2864,0
1888,0
1024,0
1040,0
992,0
992,0
976,0
992,0
1040,0
1376,4.741
1744,270.184
1920,410.176
2224,681.598
2080,895.386
2048,690.308
1968,228.585
2096,115.705
2064,0
2352,0
2512,0
2576,0
2864,0
2960,0
2864,0
2672,0
1904,0
976,0
976,0
896,0
944,0
944,0
976,0
1120,0
1424,0
1696,63.711
1984,195.633
2464,249.88
2432,241.413
2752,265.707
2816,247.569
2976,85.984
3168,0
3120,0
3168,0
3360,0
3104,0
3120,0
2928,0
2880,0
2032,0
1056,0
928,0
864,0
880,0
864,0
896,0
960,0
1296,0
1600,134.848
1856,344.338
2160,525.003
2320,582.993
2384,490.142
2512,390.026
2832,166.942
3040,0
3184,0
3056,0
3152,0
3152,0
3040,0
2944,0
2736,0
2048,0
912,0
864,0
832,0
848,0
832,0
864,0
944,0
1440,13.455
1872,299.52
2096,635.646
1744,1032.07
1696,1390.502
1744,1502.854
1888,1407.805
1936,678.359
1984,8.095
1808,0
1776,0
1808,0
1808,0
2000,0
1952,0
1952,0
1696,0
992,0
912,0
896,0
864,0
880,0
912,0
912,0
1296,4.072
1424,141.73
1776,325.653
1856,465.417
1920,488.63
1872,458.716
1840,351.906
1776,101.199
2208,0
2336,0
2784,0
2896,0
2864,0
2896,0
2800,0
2656,0
1808,0
912,0
912,0
848,0
864,0
896,0
944,0
976,0
1312,14.906
1744,325.667
1824,676.771
1856,1016.69
2048,1165.946
2016,1097.341
1952,717.509
1776,287.804
2160,0
2432,0
2496,0
2672,0
2992,0
3008,0
2880,0
2816,0
1936,0
992,0
976,0
912,0
928,0
896,0
944,0
992,0
1296,15.894
1664,325.904
2000,681.788
1888,1106.331
1920,1378.175
1872,1401.858
1808,1064.681
1744,416.418
2304,5.805
2144,0
2336,0
2544,0
2944,0
3040,0
2912,0
2768,0
1824,0
1008,0
976,0
960,0
944,0
944,0
976,0
1008,0
1360,1.341
1664,172.632
2016,363.69
2064,491.723
1872,356.512
2288,203.315
2288,127.058
2080,35.733
2416,0
2752,0
2896,0
3008,0
2992,0
2976,0
2944,0
2928,0
1936,0
1056,0
1024,0
976,0
944,0
960,0
960,0
1056,0
1376,0.668
1648,164.167
1936,461.877
2288,909.72
2416,1270.932
2832,828.622
2976,244.662
2976,35.88
3008,0
2976,0
3168,0
3152,0
3104,0
2944,0
3008,0
2656,0
2432,0
1488,0
1424,0
1408,0
1392,0
1360,0
1376,0
1472,0
2096,0
2624,24.831
2240,65.552
2448,72.972
2448,119.416
2496,116.84
2448,58.202
2464,1.169
2384,0
2896,0
2976,0
3184,0
3104,0
3008,0
2864,0
2832,0
2384,0
1008,0
896,0
832,0
848,0
896,0
912,0
976,0
1328,15.016
1664,283.334
1824,606.135
1952,936.668
2096,1152.856
2080,1208.886
2032,1122.097
1792,611.377
2240,30.141
2176,0
2192,0
2288,0
2688,0
2608,0
2720,0
2592,0
1872,0
928,0
928,0
832,0
832,0
864,0
912,0
960,0
1408,16.954
1584,291.774
1840,641.19
1728,1063.484
1776,1411.528
1632,1260.98
1680,868.831
1600,382.272
1952,17.183
2080,0
2304,0
2320,0
2704,0
2848,0
2752,0
2480,0
1728,0
928,0
896,0
864,0
848,0
848,0
864,0
64,0
1072,18.748
1552,282.204
1696,633.977
1792,983.917
2048,1252.359
2128,1222.995
2000,961.515
2000,599.131
2048,54.544
1712,0
1744,0
1456,0
1424,0
1424,0
1424,0
1360,0
1120,0
896,0
896,0
832,0
832,0
848,0
896,0
928,0
1584,12.669
2000,288.544
1888,721.063
2064,1368.984
2208,1784.761
2096,1659.735
2064,1221.405
1920,435.639
2160,2.099
2304,0
2528,0
2688,0
2624,0
2720,0
2416,0
2240,0
1744,0
976,0
944,0
896,0
880,0
880,0
896,0
960,0
1424,46.641
1664,310.734
1984,647.582
2240,1354.373
2176,1885.675
2224,2159.671
2144,2022.772
1920,1212.532
2192,123.94
2224,0
2304,0
2672,0
2992,0
3344,0
3344,0
3344,0
2512,0
1120,0
992,0
896,0
896,0
896,0
944,0
1008,0
1664,56.252
2016,382.708
1904,747.46
2672,1217.227
2480,1639.995
2448,1917.569
2256,1851.683
2272,1203.071
2288,182.341
2432,0
2432,0
2464,0
2640,0
3024,0
3040,0
2992,0
2272,0
1040,0
992,0
912,0
928,0
912,0
944,0
1072,0
2032,54.305
2672,251.008
2848,637.97
3008,1455.733
3248,2063.049
3200,2322.269
2992,2151.01
2704,1421.549
2448,263.97
2560,0
2672,0
2832,0
2848,0
2816,0
2784,0
2112,0
1888,0
976,0
960,0
912,0
896,0
912,0
944,0
992,0
1536,63.332
1728,300.846
2128,668.941
2240,1488.649
2000,2097.185
2176,2346.563
2144,2184.979
2128,1457.741
2640,284.552
2784,0
2768,0
3200,0
2944,0
3520,0
3488,0
3376,0
3024,0
2432,0
2320,0
1968,0
2032,0
2000,0
2064,0
2320,0
3040,63.702
3168,418.328
3616,805.146
3504,1481.647
3520,2068.361
3456,2123.121
3520,1701.505
3440,904.709
3472,125.837
3408,0
3408,0
3392,0
3408,0
3360,0
3376,0
3472,0
3200,0
2016,0
1920,0
1744,0
1648,0
1600,0
1616,0
2304,0
2880,73.452
2784,438.026
3040,853.862
3296,1183.954
3328,1217.546
2800,1058.939
2624,712.961
2640,312.55
2656,22.189
2560,0
2512,0
2512,0
2480,0
2464,0
2464,0
2480,0
2096,0
1008,0
976,0
912,0
928,0
944,0
976,0
1024,0
1520,92.924
1664,473.325
1840,879.935
1872,1205.493
2176,1290.633
2160,1160.106
2128,904.799
2048,454.985
2112,50.402
1968,0
1664,0
1680,0
1568,0
1616,0
1664,0
1600,0
1424,0
1072,0
1056,0
992,0
976,0
976,0
976,0
1072,0
1824,80.771
2064,443.828
2512,868.239
2768,1146.587
2688,1262.243
2512,1038.282
2464,521.16
2448,178.974
2304,14.373
2464,0
2512,0
2560,0
2640,0
2832,0
2720,0
2752,0
2592,0
1392,0
1200,0
960,0
976,0
944,0
992,0
1040,0
1552,0
1856,81.503
2064,205.963
2528,291.42
2416,298.178
2304,373.369
2496,375.448
2320,195.611
2320,7.138
2288,0
2560,0
2752,0
3024,0
3024,0
3120,0
2912,0
2400,0
1056,0
928,0
864,0
864,0
880,0
880,0
976,0
1536,24.966
1792,329.611
1968,914.754
2192,1368.117
2160,1558.121
2080,1051.739
2032,393.948
2176,132.893
2544,8.316
2448,0
2688,0
2704,0
2784,0
2704,0
2112,0
1984,0
1760,0
1008,0
944,0
896,0
880,0
912,0
928,0
1008,0
1664,27.184
1920,166.589
1840,317.351
2176,445.657
2224,576.611
2352,628.807
2496,481.752
2144,210.567
2544,15.611
2640,0
2416,0
2768,0
2960,0
2944,0
2960,0
2928,0
2512,0
1600,0
1472,0
1056,0
1024,0
1040,0
1040,0
1152,0
1792,131.833
2064,508.049
2288,913.082
2256,1263.152
2256,1877.708
2304,1772.626
2304,1522.755
2160,863.215
2528,196.991
2256,0
2624,0
2512,0
2848,0
3168,0
3104,0
3104,0
2112,0
1120,0
1088,0
1056,0
1024,0
1056,0
1072,0
1136,0
1520,39.196
1808,239.086
1968,621.749
2080,1164.635
2144,1422.688
2176,1127.415
1968,835.717
1936,405.888
2064,50.113
1984,0
1664,0
1376,0
1312,0
1296,0
1264,0
1216,0
1168,0
864,0
816,0
768,0
784,0
816,0
800,0
896,0
1488,104.45
1824,324.365
2016,513.932
2080,1001.811
2128,1620.755
2000,1729.734
2048,1065.192
1952,577.436
2000,117.427
1968,0
2000,0
1696,0
1344,0
1280,0
1280,0
1312,0
1104,0
928,0
800,0
736,0
752,0
736,0
768,0
816,0
1216,33.67
1552,183.722
1584,360.85
1856,515.564
1760,722.718
1856,855.397
1920,411.181
1888,191.527
2576,33.607
2592,0
2576,0
2400,0
2816,0
2896,0
2992,0
2880,0
2736,0
1008,0
848,0
752,0
768,0
752,0
768,0
864,0
1440,152.298
1632,564.645
2000,1014.838
2080,1452.005
1920,1590.964
1952,1351.943
1952,1104.705
1696,684.352
2016,152.428
2144,0
2176,0
2176,0
2272,0
2272,0
1968,0
1904,0
1456,0
816,0
816,0
768,0
752,0
768,0
768,0
832,0
1216,117.613
1456,433.566
1456,802.573
1392,1180.177
1472,1499.577
1696,1554.885
1648,975.311
1632,632.885
2176,166.202
2288,0
2512,0
2304,0
2640,0
2832,0
2752,0
2752,0
2288,0
896,0
800,0
768,0
752,0
752,0
784,0
864,0
1424,184.048
1600,541.638
1984,1030.928
1600,1802.925
1664,2421.548
1632,2499.187
1840,1946.185
1888,1096.644
2096,216.98
2240,0
2416,0
2560,0
2736,0
3072,0
3024,0
2944,0
2256,0
1232,0
880,0
816,0
784,0
784,0
784,0
880,0
1360,218.245
1568,605.216
1872,1043.454
1936,1484.234
1584,1674.423
1696,1528.993
2096,1395.189
2048,899.895
2368,264.124
2432,0
2256,0
2336,0
2592,0
3040,0
2960,0
3008,0
2176,0
1008,0
864,0
832,0
832,0
832,0
848,0
928,0
1616,210.681
1808,592.963
1968,953.24
2160,1221.614
1792,1460.545
1904,1684.937
1888,1788.065
1760,1694.362
2032,685.164
2000,0
2176,0
2384,0
2544,0
2528,0
2624,0
2528,0
2144,0
1152,0
896,0
848,0
848,0
864,0
864,0
944,0
2000,257.003
2048,593.721
2160,458.063
2416,680.714
2496,930.464
2352,941.716
2464,762.213
2240,348.425
2176,91.505
2272,0
2416,0
2880,0
2976,0
3152,0
3040,0
3072,0
2400,0
832,0
768,0
720,0
704,0
720,0
736,0
816,0
1264,115.002
1664,263.827
1968,509.587
2144,765.073
2128,845.349
1936,956.647
1856,770.897
1824,494.647
2144,173.109
2048,0
2592,0
2912,0
2896,0
3040,0
3072,0
2928,0
2656,0
1216,0
752,0
688,0
672,0
672,0
704,0
752,0
1712,240.374
1888,661.5
1984,1051.42
2464,1424.33
2576,1592.001
2592,1108.12
2208,925.508
1872,655.189
1600,267.822
1440,0
1696,0
1792,0
1792,0
1792,0
1808,0
1632,0
1328,0
784,0
752,0
720,0
704,0
704,0
736,0
768,0
1712,59.95
2336,186.775
2624,265.305
2464,327.979
2928,361.795
3088,627.402
2896,265.672
2640,96.2
2352,37.013
2720,0
2480,0
2224,0
2688,0
2720,0
2720,0
2752,0
2592,0
1344,0
800,0
672,0
656,0
688,0
704,0
752,0
1328,212.179
1696,660.914
1920,1214.001
1952,1839.531
2128,2216.354
2224,2374.436
2256,1999.942
2208,1103.331
2480,338.667
2464,0
2848,0
3088,0
2848,0
2928,0
2960,0
2848,0
2240,0
1040,0
848,0
768,0
784,0
912,0
1744,0
1824,0
2448,242.473
2736,641.897
2944,930.825
3040,1117.981
3056,1186.29
2976,1160.985
3024,1109.024
2848,979.614
2944,435.285
2752,0
2880,0
2592,0
2464,0
2480,0
2240,0
2160,0
1936,0
1568,0
1584,0
1488,0
1456,0
1552,0
1552,0
1616,2.192
2320,303.709
2848,522.535
2896,1246.148
2512,2063.067
2592,2555.389
3040,2563.704
3232,2136.957
3264,1538.201
3264,694.19
3248,0
3264,0
3376,0
3088,0
2992,0
2960,0
2848,0
2496,0
1728,0
1680,0
1536,0
1584,0
1552,0
1568,0
1600,1.522
2336,272.123
2432,663.624
2304,1171.042
2208,1632.26
2160,1845.817
2224,1822.023
2160,1774.068
2048,1560.159
2368,778.454
2416,4.969
2352,0
2704,0
2848,0
2912,0
2736,0
2816,0
2224,0
1136,0
896,0
848,0
832,0
832,0
848,0
896,8.042
1712,221.543
1936,290.142
2352,1266.947
2240,2152.759
2240,2756.272
2048,3036.964
2032,2940.904
1808,2404.119
2032,1254.876
2128,23.918
2656,0
2496,0
2608,0
2928,0
2832,0
2944,0
2608,0
960,0
784,0
720,0
704,0
688,0
752,0
848,11.12
1664,284.458
1936,338.058
1952,1313.152
2288,2206.487
2272,2815.878
2304,3086.916
2304,2980.19
2448,2424.527
2800,1269.419
2912,34.235
2832,0
3024,0
3104,0
2848,0
2736,0
2864,0
2544,0
800,0
784,0
720,0
736,0
704,0
816,0
896,16.629
1552,280.714
1776,428.01
1920,1324.259
1888,2146.384
1872,2707.378
2176,2971.453
2512,2904.852
2576,2417.884
2544,1338.095
2720,56.901
2656,0
2880,0
2848,0
2640,0
2512,0
2624,0
2192,0
1008,0
736,0
704,0
688,0
736,0
784,0
1072,4.756
1760,314.858
1712,722.538
1872,1381.215
1744,2275.196
2032,2860.27
2320,3117.351
2368,2996.215
2192,2438.199
2464,1308.614
2384,61.792
2880,0
2832,0
2976,0
2864,0
2816,0
2752,0
2192,0
1376,0
1328,0
1216,0
752,0
736,0
944,0
1072,0
1424,147.243
1584,575.146
1888,1157.316
1984,1563.197
2128,2187.965
2128,3000.515
1952,2976.747
2016,2355.707
2208,1272.051
2080,76.088
2064,0
2240,0
2928,0
2592,0
2608,0
2848,0
2192,0
1616,0
1200,0
1072,0
976,0
1120,0
1184,0
1264,29.257
1776,341.535
1920,681.981
1872,1226.349
2016,1950.84
1984,2313.28
1936,2104.257
1936,1693.409
2128,1458.883
2048,852.661
1904,42.196
2240,0
2784,0
2848,0
2896,0
2848,0
2704,0
1792,0
832,0
784,0
736,0
752,0
736,0
768,0
832,5.117
1472,120.705
1664,313.008
1712,709.952
1792,1263.518
1936,1798.445
2016,2455.566
2048,2109.607
1952,1906.069
2304,1004.254
2144,45.269
2240,0
2416,0
3024,0
2864,0
2848,0
2768,0
2368,0
848,0
768,0
704,0
688,0
704,0
720,0
768,25.042
1584,377.459
1664,818.584
1888,1416.916
2256,1368.886
1952,1935.404
2160,2236.607
2112,2077.006
1904,1888.42
2144,726.413
2208,52.162
2544,0
2432,0
2624,0
2896,0
2752,0
2800,0
2352,0
1232,0
896,0
784,0
800,0
800,0
880,0
960,47.212
1856,239.557
1936,488.7
1984,1590.875
2064,2438.466
2000,2842.941
2160,2936.999
2064,2260.349
2080,1294.882
2528,576.51
2624,62.422
2768,0
2864,0
3072,0
2960,0
2832,0
2592,0
2144,0
1312,0
992,0
800,0
768,0
768,0
784,0
864,46.961
1568,215.788
1584,492.542
1952,1586.37
2032,2492.777
1904,3095.206
1824,3359.354
1808,3266.333
2000,2760.94
2496,1707.909
2304,273.441
2720,0
2992,0
3072,0
2944,0
2512,0
1936,0
1712,0
832,0
784,0
752,0
800,0
800,0
752,0
848,58.026
1424,249.267
1552,543.196
1776,1598.66
1920,2476.923
1856,3072.223
1888,3347.874
1872,3265.673
1936,2779.105
2080,1766.955
1984,332.776
2016,0
2176,0
2752,0
2416,0
2416,0
2768,0
2288,0
1472,0
1472,0
1312,0
1248,0
1264,0
1920,0
2176,62.716
2544,232.364
2448,554.452
2592,1622.851
2752,2499.067
2768,3080.319
3024,3349.311
2864,3276.756
2848,2810.538
2832,1821.962
2816,380.91
3040,0
2928,0
2848,0
2752,0
2880,0
2624,0
2496,0
2416,0
2320,0
2288,0
2128,0
1984,0
2048,0
2032,61.496
2320,206.669
2448,569.36
2352,1677.886
2160,2573.292
2176,3170.871
2192,3446.749
2352,3381.668
2608,2927.158
2272,1953.59
2384,456.906
2784,0
2960,0
3120,0
2896,0
2752,0
1968,0
1584,0
848,0
816,0
736,0
752,0
768,0
768,0
816,102.706
1120,460.912
1744,746.057
1760,1704.36
1680,2526.794
1760,2959.015
1936,2281.803
1968,2304.024
2064,2265.536
2592,1151.492
2656,90.614
3072,0
3168,0
3200,0
3056,0
3088,0
3024,0
2528,0
816,0
752,0
704,0
688,0
704,0
704,0
768,12.612
1568,308.606
1744,822.767
1792,1588.242
1792,2211.782
1808,1996.616
1632,1660.111
1760,1286.421
1808,639.865
1792,287.6
1952,32.857
2432,0
2656,0
2784,0
2672,0
2736,0
2688,0
2304,0
1280,0
928,0
704,0
704,0
688,0
704,0
816,85.701
2032,460.822
2336,920.148
2272,1292.714
2128,1850.278
2160,2330.805
2224,2130.747
2032,1702.579
1888,1153.746
2336,543.749
2048,72.852
2112,0
2144,0
2064,0
2176,0
2208,0
1984,0
1440,0
752,0
736,0
688,0
704,0
704,0
720,0
800,87.231
2272,449.939
2496,810.813
2848,1124.05
2832,1720.571
2928,1488.511
2992,958.35
3072,803.939
2832,612.115
2464,563.206
2496,102.95
2784,0
2704,0
3104,0
3024,0
3024,0
3008,0
1920,0
768,0
720,0
672,0
688,0
688,0
720,0
784,99.194
1376,401.755
1248,1055.518
1648,1902.81
1664,2528.32
1728,2609.062
1744,2108.726
1616,1321.735
1616,422.322
1968,211.515
2240,102.065
2496,0
2576,0
2608,0
2576,0
2592,0
2448,0
2000,0
1008,0
736,0
736,0
704,0
688,0
864,0
1056,98.314
1504,331.33
1808,704.695
1968,969.869
1984,869.888
1888,691.669
1824,589.738
1888,958.686
1696,1413.314
2032,1096.94
2032,213.745
1920,0
2160,0
2528,0
2368,0
2288,0
2336,0
2192,0
1536,0
1472,0
1008,0
1104,0
1120,0
1152,0
1152,123.69
1536,618.759
1648,1047.723
2096,1942.921
2128,2605.762
1968,2709.639
2272,2639.681
2112,2423.038
2192,1604.958
2400,774.532
2352,161.208
2368,0
2464,0
3040,0
2896,0
2816,0
2720,0
2384,0
1152,0
1008,0
752,0
768,0
944,0
960,0
992,132.914
1968,459.149
2112,1175.86
2128,1925.555
2208,1887.446
2288,2497.862
2064,2766.909
2048,2866.117
1888,2400.884
2064,1329.385
2144,328.682
2272,0
2176,0
2608,0
2512,0
2544,0
2480,0
2336,0
1136,0
848,0
704,0
688,0
688,0
704,0
752,76.071
1344,381.643
1632,606.652
1840,1391.136
1920,1962.022
1872,2391.617
2112,2814.712
1904,2720.581
1696,2334.269
1968,1498.84
1968,267.06
1920,0
2048,0
2464,0
2480,0
2464,0
2544,0
2000,0
816,0
736,0
672,0
672,0
688,0
688,0
752,35.389
1632,277.567
1824,629.076
2112,1228.738
2528,1762.184
2208,1779.649
2368,1071.829
2496,1552.753
2176,1192.117
2320,469.301
2576,135.868
2672,0
2816,0
2736,0
2656,0
2608,0
2688,0
2192,0
1184,0
928,0
720,0
688,0
688,0
704,0
752,10.375
1472,95.136
1616,173.569
1696,684.343
1808,1926.887
1664,2683.306
1744,2357.171
1616,2010.435
1664,1443.457
1984,754.453
1920,283.03
1936,0
2080,0
2320,0
2592,0
2544,0
2480,0
1888,0
768,0
736,0
672,0
672,0
688,0
768,0
832,141.483
1424,457.809
1552,1245.94
1632,1619.006
1696,1404.767
1968,1408.897
2272,1959.934
2160,2149.567
2096,2029.918
2208,1382.604
2016,352.741
2144,0
2320,0
2752,0
2560,0
2672,0
2544,0
2464,0
1232,0
944,0
736,0
704,0
736,0
800,0
912,221.049
1920,665.623
2288,1235.085
2496,2145.662
2272,2887.796
2608,3368.527
2448,2788.566
2352,1917.323
2016,1580.097
1968,1362.451
2064,431.158
2112,0
2080,0
2544,0
2624,0
2704,0
2640,0
2624,0
1696,0
1376,0
992,0
1072,0
1072,0
1104,0
1120,215.319
1568,629.803
1680,1364.135
1728,2160.821
1776,2642.612
2192,2830.31
2096,3162.499
1776,2736.881
1872,1104.73
2096,412.598
2064,74.586
2192,0
2160,0
2080,0
1984,0
1824,0
1616,0
1488,0
800,0
800,0
800,0
768,0
752,0
784,0
1056,92.042
1552,215.293
1616,387.325
1776,521.399
1808,539.426
1904,635.046
1952,1023.807
2192,925.172
1920,693.744
2128,257.98
1968,67.065
2304,0
2032,0
1952,0
1584,0
1616,0
1712,0
1584,0
768,0
720,0
704,0
704,0
688,0
944,0
1072,80.391
1584,222.777
1680,328.703
1568,429.792
1600,737.923
1744,1081.248
1760,1342.098
1792,987.838
1664,775.367
2368,508.821
2224,86.029
2416,0
2720,0
2992,0
2672,0
2672,0
2608,0
2160,0
1120,0
864,0
720,0
704,0
704,0
720,0
832,84.771
1504,200.693
1536,740.982
1552,1373.027
1824,2128.825
1680,2144.471
2048,2159.858
2144,2034.952
1664,1353.679
1952,683.114
2224,212.45
2032,0
2160,0
2560,0
2688,0
2688,0
2688,0
2368,0
848,0
768,0
720,0
704,0
720,0
720,3.072
816,382.035
1552,834.1
1904,1419.04
1936,1136.139
2448,1349.551
2640,1184.861
2560,1103.041
2448,1269.624
2416,1263.953
2896,999.612
3088,293.759
2976,0
2784,0
2848,0
2608,0
2416,0
2128,0
1680,0
800,0
784,0
848,0
816,0
800,0
848,0
864,200.027
1712,612.705
1856,1043.187
2000,1715.93
2144,2956.814
2352,3324.925
2304,3446.963
2160,3451.478
2080,3108.859
2256,2272.622
2144,927.552
2352,0.564
2336,0
2896,0
2688,0
2688,0
2720,0
2400,0
1216,0
1232,0
896,0
864,0
864,0
992,8.31
1296,212.074
2048,272.199
2112,1335.741
2160,2439.866
2256,3346.745
2256,3986.729
2240,4275.813
2224,4231.78
2208,3817.937
2384,2957.675
2352,1477.878
2336,23.107
2384,0
2368,0
2256,0
2064,0
1952,0
1744,0
1248,0
1248,0
1280,0
1264,0
1264,0
1264,13.254
1312,290.78
2144,372.236
2288,1395.129
2400,2409.607
2432,3215.444
2528,3606.019
2496,3582.237
2480,3840.877
2320,3641.35
2384,2840.902
2352,1411.083
2336,29.483
2144,0
2416,0
2352,0
2320,0
2112,0
1632,0
1376,0
1376,0
1264,0
1088,0
1184,0
1232,16.276
1312,244.25
1936,307.654
2272,1402.642
2432,2455.041
2576,3305.298
2592,3881.101
2480,4152.695
2432,4107.575
2368,3718.117
2544,2922.314
2608,1561.389
2464,54.865
2304,0
2592,0
2544,0
2368,0
2048,0
1504,0
736,0
736,0
752,0
720,0
720,0
1120,22.629
1264,325.858
1872,531.467
2288,1438.285
2544,2322.208
2560,3091.646
2688,3669.583
3024,3994.363
2672,3967.897
2784,3599.948
2896,2864.788
2848,1516.889
2736,62.028
2464,0
2976,0
2752,0
2816,0
2320,0
1440,0
720,0
720,0
688,0
672,0
688,0
704,27.119
816,285.851
1936,427.918
2176,1466.488
2384,2474.414
2672,3283.783
2592,3827.497
2848,4030.457
2352,3949.619
2656,3505.675
2944,2619.081
2736,1202.898
2720,43.857
2128,0
2592,0
2416,0
2352,0
2176,0
2208,0
1360,0
1376,0
1360,0
1328,0
1392,0
1664,2.247
1664,224.8
2352,609.036
2208,1112.304
1952,1756.675
2096,2256.062
2048,2737.584
1984,2950.006
1984,2345.277
2432,1468.361
2688,857.802
2528,413.865
2720,14.594
2656,0
2848,0
2704,0
2144,0
2160,0
1840,0
960,0
832,0
720,0
688,0
704,0
704,41.046
752,448.466
1584,918.491
1840,1674.644
1888,2424.548
1952,2829.284
2112,2732.878
2128,2526.635
2080,2259.507
2016,1594.267
2016,1197.277
1648,483.756
1488,13.47
1376,0
1552,0
1376,0
1360,0
1264,0
1040,0
848,0
768,0
736,0
720,0
720,0
768,39.165
80,467.466
1184,886.3
1600,1646.789
1792,2494.758
1776,3339.762
1840,3916.356
1920,3883.822
2096,3052.074
1968,2041.723
1984,1432.723
1936,947.845
1776,66.252
1488,0
1392,0
1264,0
1248,0
1216,0
1040,0
832,0
832,0
752,0
736,0
752,0
768,56.478
832,436.785
1376,758.806
1520,1631.432
1664,2608.034
1776,3182.597
1920,3667.649
2112,4034.339
2320,3904.387
2240,3511.472
2224,2453.757
2144,1086.805
2384,111.135
2352,0
2848,0
2880,0
2784,0
2864,0
2272,0
1312,0
1152,0
784,0
816,0
800,0
800,65.411
848,353.795
1680,648.286
1808,1675.502
1888,2640.39
2112,3283.97
2432,3619.386
2416,3558.226
2368,2724.29
2304,1915.353
2224,1314.242
2176,683.508
2288,71.422
2048,0
2048,0
1856,0
1904,0
1776,0
1360,0
752,0
768,0
720,0
704,0
720,0
720,63.006
784,447.127
1440,763.816
1632,1671.616
2000,2702.516
1808,3489.579
1888,4093.82
1728,4372.997
1904,4343.25
2272,3980.687
2496,3231.196
2448,1963.312
2576,309.523
2640,0
3008,0
2928,0
2816,0
2672,0
2128,0
768,0
752,0
720,0
704,0
688,0
736,70.563
1072,285.592
1952,614.039
1920,1695.615
1856,2703.601
1936,3503.342
2192,4043.659
2640,4288.898
2304,4247.451
2240,3855.118
2624,3100.774
2624,1824.36
3168,302.67
3008,0
3232,0
3040,0
3312,0
3184,0
2656,0
1264,0
1072,0
720,0
688,0
720,0
784,88.478
1520,359.088
2032,718.612
1728,1738.769
1808,2694.976
1904,3343.424
2288,3462.132
2688,3278.588
2448,3010.805
2768,2589.918
2704,1923.21
2576,957.6
2976,119.32
2944,0
2880,0
2544,0
2608,0
2352,0
2304,0
1184,0
800,0
736,0
736,0
736,0
736,93.505
1136,352.521
1536,719.708
1984,1771.889
1856,2767.378
1856,3560.316
1888,4092.606
1936,4341.849
2320,4254.519
2336,3840.706
2928,3068.967
2576,1827.087
2688,345.534
2784,0
3104,0
3120,0
2912,0
2560,0
2384,0
1456,0
1088,0
800,0
752,0
720,0
736,122.962
784,598.412
1248,1123.171
1632,1740.305
1952,2383.867
1984,2973.126
2560,3213.131
3104,2810.406
2880,2006.604
2928,1366.113
3072,807.939
3056,250.386
2752,11.956
2768,0
2736,0
3072,0
2896,0
2800,0
2240,0
832,0
816,0
752,0
736,0
752,0
768,20.594
800,241.893
1360,569.534
1904,1047.184
2064,1734.626
2144,2008.489
2272,2636.528
2432,2892.319
2256,2289.631
2080,1370.66
2400,706.101
2336,190.559
2368,0
2384,0
2608,0
3040,0
2880,0
2880,0
2624,0
1280,0
1216,0
848,0
768,0
768,0
784,92.525
816,451.993
1728,894.314
2080,1435.541
2080,1705.44
2112,1614.985
2256,1613.943
2496,1598.191
2608,1567.984
2400,1210.686
2816,991.842
2880,394.749
2528,59.527
2976,0
3184,0
3232,0
3088,0
2848,0
2096,0
912,0
848,0
880,0
768,0
736,0
800,67.934
800,454.021
1360,1088.179
1888,1844.612
2144,2227.542
1984,1790.372
2048,1692.093
2176,1643.647
1952,1636.074
1888,1454.616
2160,1006.281
2208,474.476
2544,58.764
2336,0
2720,0
2896,0
2752,0
2704,0
2336,0
1200,0
784,0
752,0
736,0
736,0
752,107.346
848,507.763
1792,1108.088
2304,1905.327
2080,2682.645
2384,3536.197
2480,4085.765
2544,4185.099
2560,3791.188
2768,2915.505
3056,1863.668
3104,711.441
2720,107.315
2816,0
3248,0
3296,0
3232,0
3152,0
3136,0
1184,0
752,0
704,0
704,0
704,0
784,177.51
896,402.255
1712,911.107
2400,1983.06
2736,2977.601
3056,3761.293
3456,4281.351
3456,4498.874
3344,4257.184
3424,3644.861
3520,2866.016
3328,1084.784
3408,205.317
3664,0
3712,0
3616,0
3360,0
3120,0
2160,0
800,0
752,0
720,0
704,0
688,0
704,198.73
752,664.399
1184,1249.477
1888,1908.561
1840,2375.405
2016,2626.155
2704,2749.245
2912,2867.543
3024,2327.178
3008,1838.691
3424,937.398
3664,455.756
3616,68.526
3664,0
3440,0
3584,0
3408,0
3264,0
2720,0
1200,0
752,0
704,0
720,0
704,0
1040,177.225
1152,679.135
1664,1282.456
1920,1979.66
1744,2499.042
2032,2741.135
2512,2602.853
2848,2188.021
2400,1757.166
2640,1201.694
2880,742.668
2736,333.998
3136,47.235
3552,0
3280,0
3168,0
2912,0
2912,0
2752,0
1536,0
1376,0
784,0
768,0
768,0
768,120.859
1024,542.704
1680,1121.503
1936,1835.988
1952,2554.642
1920,3223.077
2032,3612.926
1984,3759.272
1776,3819.673
1920,3733.401
2128,3236.946
2256,2117.944
2048,624.436
2544,0
2592,0
2784,0
2544,0
2656,0
2048,0
1088,0
928,0
784,0
816,0
800,0
848,178.004
848,278.008
1392,1002.032
2048,2187.253
2016,3261.08
2112,4102.46
2192,4672.277
2352,4958.885
2224,4937.757
1856,4601.63
2176,3908.075
1920,2750.447
2000,961.142
1760,0
1360,0
1504,0
1264,0
1296,0
1152,0
816,0
832,0
768,0
768,0
784,0
784,229.562
816,399.363
1312,1124.982
1808,2192.095
1680,3041.563
1632,3428.971
1824,3209.488
1952,3737.111
2032,3586.794
2160,3142.484
2464,2004.348
2176,1381.93
2064,421.586
2128,0
2320,0
2704,0
2624,0
2512,0
2224,0
1248,0
864,0
800,0
832,0
832,0
848,275.725
912,550.379
1488,1288.02
2016,2117.369
2208,2579.967
1888,2988.634
2016,3226.58
1872,3299.211
1856,3146.229
1872,2567.41
2256,1804.573
2320,891.754
2320,229.091
2496,0
2688,0
3168,0
2976,0
2928,0
2112,0
848,0
880,0
816,0
848,0
816,0
816,205.907
912,723.048
1456,1328.942
1920,2093.506
2176,2957.58
2128,3846.019
2272,4283.394
2144,4305.904
2192,4183.587
2176,3996.775
2496,3292.107
2624,2078.085
2704,436.383
2576,0
2896,0
2992,0
2864,0
2912,0
2320,0
880,0
752,0
688,0
688,0
688,0
704,234.497
848,660.066
1520,1288.491
2112,2230.418
2032,3226.753
2000,3988.01
2016,4501.979
2000,4726.548
1952,4697.234
2128,4364.693
2176,3666.113
2144,2561.004
2400,981.489
2416,0
1968,0
2368,0
1936,0
1840,0
1568,0
1168,0
1152,0
800,0
720,0
736,0
736,242.387
768,370.514
1280,1191.057
2064,2274.749
2000,3244.643
2272,4002.234
2256,4503.154
2240,4686.671
2368,4485.972
2448,3697.609
2704,2547.452
2624,911.76
2736,145.814
3008,0
3456,0
3472,0
3232,0
3072,0
1872,0
864,0
832,0
800,0
768,0
784,0
800,153.24
1024,588.361
1344,1297.774
1760,1991.636
1808,2639.255
1888,2913.463
2096,2937.937
2064,2720.015
1856,2733.997
1888,2570.301
2480,2111.042
2832,1369.106
3168,448.196
3088,0
3104,0
3488,0
3312,0
2656,0
1792,0
848,0
816,0
768,0
784,0
768,0
800,286.826
832,601.439
1280,1231.087
1824,2273.068
1712,3252.702
1808,4018.032
2048,4526.555
2032,4773.886
2320,4739.363
2400,4419.322
3008,3781.752
3040,2745.933
3072,1191.145
2784,0
3136,0
3456,0
3344,0
2832,0
2144,0
848,0
784,0
752,0
720,0
736,2.192
768,220.203
800,297.4
1360,1207.763
1872,2305.212
2032,3298.008
2208,4067.987
2048,4580.489
2080,4833.897
2112,4811.036
2064,4508.077
2480,3895.625
2784,2900.087
3136,1386.133
2912,6.394
3024,0
3456,0
3392,0
2992,0
2400,0
992,0
784,0
720,0
720,0
720,4.706
736,231.218
784,310.961
1696,1240.154
1648,2309.146
1776,3259.518
2064,4011.487
2096,4523.349
2192,4779.58
2416,4763.543
2704,4464.408
3152,3853.883
3424,2861.799
3536,1367.043
3488,11.037
3440,0
3504,0
3328,0
2816,0
2176,0
832,0
752,0
704,0
704,0
688,7.708
752,232.603
768,309.98
1376,1264.684
1664,2338.78
1856,3295.624
2208,4046.422
2688,4559.153
2864,4816.492
2768,4800.708
2912,4504.441
3520,3899.331
3552,2918.374
3408,1444.47
3440,20.678
3408,0
3248,0
3056,0
2976,0
2656,0
1248,0
1200,0
1136,0
800,0
720,11.135
736,251.376
752,336.635
1312,1296.582
1728,2348.208
1968,3302.871
2240,4040.712
2304,4525.788
2352,4769.736
2256,4753.915
1936,4478.456
1952,3873.713
1840,2880.497
1792,1395.781
1792,26.736
1744,0
1904,0
1696,0
1632,0
1200,0
768,0
768,0
720,0
720,0
720,15.587
704,305.365
96,451.476
1072,1369.484
1584,2379.141
1408,3275.866
1856,3942.843
2208,4349.207
2416,4549.48
2240,4323.66
2128,3609.508
2448,2553.555
2352,1278.995
2352,360.219
1984,0
1856,0
1920,0
1808,0
1632,0
1312,0
816,0
800,0
752,0
736,0
880,0.959
832,299.165
1360,798.009
2064,1462.913
2144,2350.231
2496,3250.853
2656,3922.531
2688,3879.26
2416,3224.019
2576,2836.748
2384,3028.609
2640,2683.438
2672,1443.516
2960,287.008
3120,0
3296,0
3088,0
2752,0
1920,0
1616,0
880,0
816,0
752,0
752,0
768,19.107
784,369.894
816,509.546
1152,1422.522
1920,2368.052
1984,3099.785
2080,3883.779
2704,4406.61
2720,4536.351
2272,4340.49
2240,3812.773
2480,2706.159
2448,1418.52
2896,604.493
3104,20.298
3104,0
3376,0
3168,0
2528,0
2176,0
784,0
736,0
720,0
688,0
688,0
720,108.338
1008,401.146
1504,767.81
2240,1247.101
2272,1643.591
1968,2275.373
1776,2751.699
1984,2773.28
2016,2320.878
2288,1175.823
2320,1027.889
2128,812.98
2160,504.437
2224,14.886
2592,0
2752,0
2480,0
1904,0
1760,0
752,0
752,0
704,0
688,0
704,42.706
736,422.745
960,660.378
1376,1583.932
1856,2491.959
2080,2433.602
1728,1532.716
1696,1507.784
2192,1586.111
2512,1677.1
2432,1618.474
2576,2256.501
2640,1576.433
2336,417.552
2256,3.367
2368,0
2512,0
2144,0
1584,0
1440,0
752,0
736,0
688,0
688,0
672,27.092
720,406.144
992,861.721
1456,1654.329
1792,2269.767
1888,2866.155
1744,3462.862
1840,3893.141
2192,3836.986
2480,3578.958
2400,3124.196
2464,2480.704
2624,1857.153
2592,755.054
2512,51.669
2352,0
2448,0
2448,0
2000,0
1824,0
1152,0
864,0
688,0
704,0
704,34.202
736,373.891
944,863.539
1456,1458.121
1888,1971.629
2080,2663.37
2128,3113.652
2176,2363.065
1840,1650.334
1840,1382.991
1968,1144.919
2336,970.864
2352,937.139
2784,362.209
2448,1.238
2704,0
3040,0
2800,0
2864,0
2304,0
960,0
896,0
752,0
736,0
720,34.959
768,392.87
800,619.549
1120,1553.898
1744,2662.428
1664,3649.989
1728,4413.463
1984,4914.56
2080,5147.239
2032,5093.917
2240,4679.963
2160,3836.214
2096,2798.309
2128,1427.15
1504,87.038
1488,0
1664,0
1472,0
1264,0
1088,0
816,0
800,0
752,0
752,0
752,58.914
768,424.752
896,719.594
1216,1572.406
1600,2517.134
1536,3115.966
1872,3512.674
2064,3925.085
2064,4224.678
1808,4337.659
1696,3937.641
1728,3405.643
1632,2132.729
1648,786.87
1632,53.864
1600,0
1712,0
1552,0
1408,0
1104,0
992,0
896,0
864,0
768,0
736,64.724
784,435.287
960,781.546
1392,1621.503
2080,2455.722
1984,3023.386
2112,3319.819
2256,3749.048
2560,4456.588
2560,4815.372
2480,4480.285
2800,3291.182
2672,1368.768
2464,274.165
2400,17.652
2384,0
2544,0
2240,0
1952,0
1504,0
752,0
736,0
688,0
672,0
688,29.67
736,382.618
864,914.635
1696,1695.168
2144,2606.638
2064,3302.502
2256,4057.238
2240,4552.098
2080,4582.363
1968,4414.623
1888,3909.171
2304,2990.638
2208,1809.386
2240,641.564
2224,61.815
2464,0
2816,0
2560,0
2544,0
2160,0
816,0
736,0
704,0
704,0
688,0
720,82.409
848,304.186
1248,688.82
1568,1138.496
1632,1518.462
1440,1824.593
1424,2017.13
1408,2135.569
1328,1925.768
1360,1765.22
1344,1478.086
1344,1079.706
1392,545.514
1312,47.801
1312,0
1440,0
1280,0
1248,0
1056,0
752,0
816,0
768,0
784,0
768,84.932
800,341.607
928,643.511
1808,1719.06
2320,2676.598
2016,3482.461
2080,4067.854
1936,4278.134
2224,4286.264
2256,4097.906
2160,3692.208
2080,3070.167
2272,2041.152
2496,850.95
2672,122.187
2528,0
2240,0
1904,0
1776,0
1584,0
848,0
752,0
688,0
688,0
688,95.423
720,381.023
1056,755.24
1792,1705.129
2064,2516.886
2272,3290.243
2512,3958.983
2336,4221.461
2272,4347.776
2288,4365.484
2384,3912.023
2384,3250.59
2192,2081.934
2224,932.074
2144,126.535
1984,0
1776,0
1536,0
1584,0
1360,0
1120,0
1072,0
1072,0
1040,0
1040,98.276
1136,503.106
1216,1049.698
1696,1599.154
2016,2245.065
2208,3020.431
2320,3860.034
2336,4228.678
2304,4236.635
2128,4650.09
2048,4531.693
2048,3889.792
1792,2845.394
1904,1176.296
1936,145.022
1872,0
1872,0
1584,0
1520,0
1296,0
768,0
736,0
704,0
704,0
704,42.026
832,214.909
880,393.695
1248,1387.285
1824,2638.031
1776,3066.395
1776,2093.924
1856,1915.967
1920,1663.882
1920,1352.77
1968,1167.17
1872,595.727
1728,333.756
1760,124.979
1776,6.173
1776,0
1856,0
1664,0
1344,0
1168,0
832,0
784,0
720,0
704,0
720,90.461
752,526.306
832,1052.335
1536,1873.887
2080,2646.689
1936,2959.572
2176,2189.296
2400,1516.962
2384,1352.032
2704,1309.159
2240,1630.094
2384,1088.315
2416,988.123
2544,789.65
2640,200.985
3120,0
3184,0
2816,0
2784,0
2736,0
1408,0
800,0
736,0
688,0
688,94.68
736,490.345
832,991.433
1248,1784.636
1888,2650.053
1808,3404.822
1968,4139.697
2144,4540.375
2400,4778.083
2464,4646.124
2576,4250.949
2944,3590.2
2560,2631.767
2656,958.443
2672,162.804
2928,0
3184,0
2944,0
2688,0
2560,0
1200,0
816,0
704,0
704,0
688,3.505
720,73.977
768,239.274
1360,598.488
2160,1093.796
2128,1626.581
2080,1755.46
1728,1911.161
2080,1409.531
1888,1118.431
1840,1313.847
2144,1236.915
2000,596.269
2096,242.121
2000,40.21
2160,0
2192,0
2064,0
1952,0
1504,0
768,0
736,0
704,0
688,0
688,146.547
736,494.456
800,841.161
1456,1841.295
1904,2917.402
1888,3847.026
1824,4611.053
1840,5118.987
2144,5361.573
2176,5314.788
2128,4920.647
2112,4245.854
2128,3302.969
2704,1845.541
2816,422.159
2976,0
3072,0
2912,0
2608,0
2080,0
832,0
752,0
704,0
688,0
704,137.515
704,280.755
896,763.196
1696,1828.23
2080,2918.992
1920,3917.935
2192,4664.848
2288,5165.026
1904,5410.947
1840,5396.876
1856,5116.961
2320,4540.924
2336,3666.163
2352,2388.398
2448,744.584
2752,0
3168,0
2736,0
2592,0
2528,0
1216,0
832,0
720,0
704,0
720,159.241
736,329.391
800,791.638
1328,1854.78
1808,2914.347
1872,3821.006
2016,4497.569
2000,4951.595
1984,5122.57
1968,5007.201
2000,4703.549
2096,4113.496
2192,2944.485
2128,1811.189
2256,502.956
2608,0
2880,0
2624,0
2592,0
2128,0
960,0
768,0
688,0
704,0
704,143.666
752,250.598
912,781.82
1568,1895.654
1840,3006.545
1968,3966.285
1968,4700.593
2016,5186.567
1968,5417.185
1872,5388.254
1840,5076.669
1920,4333.661
2288,2973.627
2752,1732.418
2784,557.32
2688,0
2896,0
2496,0
1984,0
1600,0
960,0
880,0
832,0
736,0
720,150.991
736,612.278
768,1189.702
1280,1940.275
1648,2849.509
1632,3680.878
2096,4127.045
2112,4066.985
1712,3295.45
1856,2476.687
1760,1881.016
1856,1441.084
2112,789.203
2528,371.629
2320,62.126
2784,0
2944,0
2848,0
2544,0
1680,0
912,0
848,0
736,0
752,0
736,78.866
784,379.908
816,910.158
1280,1625.116
2160,2438.965
2288,3083.578
2224,3639.33
2272,4058.256
2528,4390.373
2944,4388.526
2704,4095.926
3136,2866.297
3200,1555.822
3440,841.061
3664,206.068
3728,0
3744,0
3504,0
3472,0
3024,0
1136,0
800,0
736,0
736,0
704,183.169
752,620.964
896,1122.351
1840,1921.46
2704,2685.977
2672,3233.912
3136,3568.552
3264,3564.504
3184,3334.264
3200,2809.732
3120,2280.43
3136,1684.394
3424,1041.772
3440,459.297
2880,78.503
2960,0
3440,0
3168,0
3184,0
2624,0
1216,0
800,0
752,0
736,0
736,125.059
736,487.435
848,1013.728
2320,1612.262
3248,2337.703
3600,2934.997
3808,2986.299
4016,2610.729
4032,2284.375
3424,2247.343
2912,1895.379
3056,1481.101
3120,1282.581
2880,769.16
2768,210.46
2864,0
2928,0
2832,0
2688,0
2400,0
800,0
736,0
688,0
704,0
688,232.322
720,694.709
768,1272.596
1920,1861.966
2096,2098.733
2272,2363.268
2592,2566.451
3120,2595.068
3008,1976.718
2640,1270.688
2832,893.871
2992,611.352
2752,386.486
3088,177.193
3680,25.475
3712,0
3856,0
3424,0
3424,0
3040,0
1936,0
1536,0
1200,0
1216,0
1216,17.59
1280,108.037
1328,245.766
2048,482.034
2448,746.491
2736,1087.454
3344,1339.491
3344,1663.583
3168,1677.245
3248,1654.004
3376,1477.402
3408,1194.119
2880,956.648
2688,659.328
2656,188.231
2656,0
2432,0
2624,0
2528,0
2304,0
2000,0
1968,0
1872,0
1680,0
1616,188.83
1568,634.283
1792,1108.961
2560,1627.647
2512,2039.003
2432,2233.242
2592,2794.11
2768,3556.197
2864,4480.159
3472,5052.612
3200,4835.564
3472,4344.637
3488,3314.418
3520,2009.823
3424,578.046
3504,0
3680,0
3360,0
3168,0
2784,0
2352,0
2176,0
1888,0
1808,0
1584,225.297
1616,490.176
1680,1024.638
2048,1915.73
2464,2860.474
3376,3645.53
3280,4322.758
3312,4740.89
3152,4773.061
3184,4725.15
3200,4305.336
3024,3632.458
2896,2617.971
2784,1387.005
2768,356.185
2704,0
2912,0
2592,0
2384,0
2256,0
960,0
848,0
768,0
720,0
720,213.118
736,665.152
784,1218.914
1632,1802.057
1712,2410.773
1904,2990.791
2208,3363.159
2464,3562.094
2544,3610.075
2528,3260.881
2416,2376.051
2720,1721.805
2800,1511.382
2688,1313.664
2896,425.896
3392,0
3968,0
3792,0
3728,0
3440,0
1040,0
800,0
736,0
736,0
816,228.248
864,625.184
912,1141.433
2016,1778.077
2544,2577.24
2656,3579.376
2832,4383.598
2880,4865.596
3232,5098.738
3008,5019.549
2880,4654.439
2752,4042.133
2704,3175.307
2592,1803.897
2672,628.964
2912,0
3424,0
3280,0
3280,0
3024,0
1232,0
768,0
720,0
688,0
688,215.107
720,357.951
816,964.011
2160,1934.818
2608,2867.311
2640,3695.489
2592,4326.684
2720,4728.898
2864,4980.413
2960,5021.21
2480,4760.306
2656,4175.852
2832,3181.616
2912,1964.98
2896,598.549
3232,0
3584,0
3296,0
3360,0
3232,0
1360,0
1024,0
704,0
688,0
944,277.887
1152,686.42
1152,1259.846
2016,1938.967
2224,2524.931
2096,3080.786
2160,2806.222
2496,2188.592
3152,2651.197
3376,2386.143
3264,2231.098
3280,1729.525
3280,1257.605
3232,826.861
3264,301.706
3152,0
3200,0
2992,0
2944,0
2384,0
1136,0
1104,0
1024,0
1040,0
1056,113.587
1056,394.444
1264,710.641
2096,1041.587
2864,1380.997
2080,1822.832
2496,2295.795
2800,2869.48
2592,3585.983
2784,3927.089
2752,2610.572
2800,2096.461
2528,1293.455
2464,877.311
2288,264.15
2256,0
2240,0
2112,0
2064,0
1680,0
1520,0
1424,0
1376,0
1424,0
1424,235.019
1520,644.773
1808,1190.151
2688,1966.411
2864,2995.694
2800,3822.569
2976,4406.578
2736,4791.862
3376,4897.644
3104,4797.622
3088,4474.287
3152,3930.242
2992,3144.148
2960,2157.715
2944,865.901
2992,0
2880,0
2816,0
2720,0
2576,0
960,0
784,0
720,0
720,0
704,247.41
736,395.042
800,1050.178
1632,2014.832
2400,2910.522
2320,3465.034
2448,4149.128
2688,4078.569
2832,3613.394
2816,3855.161
2720,3910.754
2672,3190.413
2672,2089.601
3216,1065.578
3328,335.302
3264,0
3456,0
2800,0
2528,0
2464,0
816,0
768,0
704,0
704,0
848,262.129
832,479.033
1328,1067.203
1920,1950.801
2544,2858.192
2560,3674.273
2880,4279.401
3008,4710.431
2992,4845.157
2960,4684.3
3264,4321.487
3264,3322.632
2864,2401.993
3008,985.137
3504,332.526
3536,0
3680,0
3424,0
3312,0
3184,0
1424,0
1296,0
1248,0
1936,1.085
1680,243.369
1552,398.965
1760,1028.454
2576,1928.344
3088,2816.758
2896,3660.898
3008,4335.489
3056,4770.167
3472,4942.04
3584,4743.109
3424,4150.495
3216,3241.67
3184,2192.911
3248,1316.537
3456,625.833
3648,0
3632,0
3376,0
3152,0
2880,0
1008,0
816,0
736,0
736,2.281
864,212.164
896,317.362
944,983.747
2560,1936.284
3184,2870.654
3056,3689.196
2928,4332.71
3152,4766.561
3072,4984.126
3104,4974.749
2912,4732.186
3168,4241.944
3152,3476.6
3232,2398.789
3504,1001.628
3808,3.536
3984,0
3680,0
3360,0
2608,0
960,0
784,0
720,0
720,4.765
864,281.218
864,507.201
912,1144.105
2320,1990.848
2720,2726.378
2608,3291.993
2704,3832.477
2912,4209.31
2720,3743.737
2688,1748.869
2688,1178.61
2592,1019.806
2368,646.409
2368,286.7
2400,62.924
2064,0
2144,0
1984,0
1952,0
1744,0
1040,0
848,0
784,0
1664,2.308
1440,272.292
1424,512.668
1952,1086.239
1616,1935.522
2080,2809.827
2160,3598.676
2208,4199.645
2320,4599.049
2416,4781.501
2368,4704.341
2432,4403.928
2384,3833.387
2208,3004.898
2048,1957.618
2032,659.858
2080,0
2144,0
1936,0
1888,0
1696,0
1472,0
1472,0
1408,0
1408,4.38
1040,266.617
1168,446.986
1200,1060.03
2096,1944.089
2560,2744.495
2528,3106.374
2560,3290.77
2688,3868.188
2704,4280.479
2592,4530.374
2576,4479.933
2640,3987.711
2432,3174.405
2528,2054.44
2480,758.773
2432,2.675
2592,0
2144,0
1840,0
1744,0
1024,0
816,0
768,0
1408,1.139
1376,299.949
1344,752.893
1376,1250.582
1792,1437.018
2080,1591.44
1856,2373.956
2016,3074.533
2096,3783.846
1920,3305.494
1888,1958.885
1872,1310.537
1808,1268.807
1504,1638.195
1472,1712.61
1456,769.74
1408,4.325
1552,0
1392,0
1328,0
1056,0
896,0
768,0
768,0
720,8.649
736,296.622
736,615.731
768,1156.265
1600,2040.251
2512,2917.154
2624,3639.263
1936,4249.335
2176,4793.926
2416,5037.543
2656,4940.112
3312,4595.795
3456,3974.095
3232,2992.359
3088,1501.192
2880,137.787
2880,0
1840,0
1648,0
1664,0
1264,0
816,0
768,0
736,0
736,5.562
752,238.27
752,313.178
832,1047.445
1840,2064.535
2688,3046.391
2912,3881.345
2896,4523.159
3184,4946.727
3072,5136.209
3040,5077.738
2784,4808.847
1840,4298.41
1728,3549.493
1808,2485.658
1776,1080.186
1824,17.438
1936,0
1744,0
1584,0
1328,0
768,0
736,0
688,0
688,12.1
688,337.897
752,710.339
784,1257.88
1536,2124.299
2656,3054.4
3216,3312.933
3408,2853.929
3536,2138.422
3520,1994.633
3376,1652.013
2816,2098.634
1904,2575.703
1808,846.708
1872,313.083
1888,98.814
1904,0
1968,0
1792,0
1712,0
1504,0
784,0
768,0
704,0
720,0
848,99.382
880,357.036
944,994.927
1808,1827.872
2144,2579.642
2192,1975.375
1808,1431.385
1872,1803.01
1936,2889.447
1840,3671.665
1824,3382.863
1776,1967.592
2176,731.496
2432,144.316
2576,36.015
3328,0
3520,0
3392,0
3408,0
2656,0
960,0
800,0
784,0
752,0
912,199.052
960,720.442
816,1226.537
1712,1844.23
2128,2803.661
2048,3721.717
2176,4150.953
2144,3837.965
2192,3053.104
2064,2593.358
2000,2936.795
2272,2821.438
2144,1521.086
1984,621.109
1696,130.833
1632,0
1808,0
1600,0
1552,0
1344,0
1104,0
1056,0
992,0
1408,6.173
1664,295.842
1712,709.977
1808,791.268
1616,1159.384
2064,2023.062
2064,2552.587
2224,2705.831
2432,4387.766
2320,5058.732
2304,5110.69
2224,4909.337
2176,4415.517
2112,3583.492
2048,2428.76
2128,965.603
2240,17.863
2880,0
2784,0
2624,0
2320,0
1600,0
1440,0
1344,0
1408,9.901
1152,297.82
1088,554.194
992,1128.694
2160,2001.921
2992,2963.888
2928,3695.742
3008,4290.366
2928,4711.879
3040,4902.905
2992,4984.576
2608,4783.998
2896,4360.301
3344,3615.993
3280,2463.466
3456,985.17
3520,20.715
3760,0
3504,0
3456,0
2576,0
1216,0
1136,0
1008,0
1040,18.604
912,332.381
880,563.629
992,1334.191
1776,1929.022
2144,2782.394
2496,3666.121
2608,2089.081
2656,1824.224
2944,1703.627
3008,1338.386
3280,1069.545
3312,771.801
3472,528.289
3824,468.512
3872,238.967
3936,0
4208,0
4064,0
3920,0
3488,0
2704,0
2192,0
1792,0
1712,11.496
1696,305.603
1760,592.476
2560,1186.904
3488,1937.871
3824,2717.985
3616,3551.756
3504,4242.731
3504,4677.366
3632,4881.577
3728,4773.383
3104,4311.18
3152,3730.392
3360,2908.476
3312,1812.299
3472,658.085
3936,9.86
3984,0
3968,0
3808,0
3616,0
1904,0
1952,0
2064,0
1872,2.734
1136,220.403
1216,521.519
1232,922.687
1936,1451.257
2944,2100.282
2912,2807.079
2848,3477.294
2976,4175.527
3520,4577.242
3616,4358.65
3360,4064.898
3328,3029.423
2896,2690.029
2800,1322.737
2912,414.332
3424,5.059
3616,0
3328,0
3280,0
3184,0
1568,0
2000,0
1920,0
2192,15.141
1632,266.003
1504,388.311
1920,1070.337
2816,2001.181
2864,2929.773
3136,3749.096
3088,4371.326
3280,4785.699
3120,4946.259
3152,4770.904
3072,4599.249
3248,4007.21
3232,3147.492
3248,2078.523
3216,883.575
3280,24.306
3424,0
3200,0
3120,0
2544,0
1472,0
1440,0
1120,0
1136,14.518
1280,307.021
1296,538.482
1696,1122.541
2112,1988.641
2368,2883.783
2272,3676.528
2848,4283.399
3232,4558.033
3152,4455.207
2928,4384.636
2880,4352.633
3088,3750.354
3232,2531.526
3504,1019.747
3376,166.419
3488,0
3840,0
3504,0
3472,0
2576,0
1216,0
1168,0
1120,0
1136,11.256
1264,317.551
1344,488.036
1344,1119.678
1696,2009.072
2288,2898.82
2272,3655.746
2656,4211.106
3104,4404.575
3200,3947.138
3200,2548.741
3040,1631.749
3312,1370.988
3152,1351.174
3488,927.759
3216,362.603
3472,3.279
3744,0
3488,0
3264,0
2608,0
1248,0
1152,0
1136,0
1120,0
1232,147.887
1280,598.724
1296,1305.691
1696,2046.467
2096,2830.298
2016,3587.241
2080,3978.89
2336,3860.291
2144,2991.28
1952,2073.139
2032,1887.416
2560,1693.342
3088,1903.008
3328,1161.411
3360,490.931
3328,7.683
3504,0
3184,0
3264,0
2528,0
1168,0
1072,0
1040,0
1008,15.081
1120,300.236
1168,527.195
1248,1113.904
1808,1993.072
2224,2904.448
2144,3709.891
2384,4341.101
2896,4275.024
2784,4984.77
2816,4462.906
3248,3927.101
3120,3968.163
3040,3122.671
3280,2288.657
3232,984.792
3216,29.784
3440,0
3184,0
3216,0
2480,0
1088,0
1056,0
976,0
1024,20.315
1104,345.237
1120,583.481
1184,1231.35
2288,2092.938
2608,2829.476
2848,3218.738
3248,3165.009
3168,2728.529
3264,2208.318
3280,1536.82
3216,1147.863
3376,803.894
3328,515.812
3536,256.126
3584,67.876
3536,0
3616,0
3392,0
3376,0
2704,0
1136,0
1104,0
1040,0
1040,15.247
1120,281.802
1184,431.295
1264,1072.42
2272,1965.274
2736,2863.671
2576,3667.919
2496,4288.473
3088,4699.001
3232,4881.063
3232,4842.38
3280,4488.576
3392,3931.529
3296,2993.64
3200,1984.088
3152,846.29
3184,22.549
3200,0
3024,0
2992,0
2720,0
1520,0
1088,0
1024,0
1008,15.775
1152,263.317
1264,385.849
832,1031.095
1552,1947.406
1776,2858.275
1760,3652.016
1888,4263.652
1872,4670.77
1952,4871.532
2032,4854.82
2000,4617.031
2032,4130.383
1872,3358.564
1952,2242.793
1920,934.974
1888,29.858
1952,0
1872,0
1504,0
1264,0
1024,0
1024,0
944,0
928,12.864
1104,295.003
1120,522.884
1456,1104.227
1728,1915.069
2048,2814.504
2048,3554.463
2112,4093.324
2032,4459.154
2192,4667.948
2192,4629.628
2192,4344.498
2176,3809.839
2096,3045.668
2096,2025.291
2112,809.01
2112,19.692
2272,0
2000,0
1616,0
1472,0
1200,0
1104,0
1024,0
1008,7.563
1008,251.434
1120,620.191
1312,1082.921
1872,1894.812
2032,2745.165
2096,3497.732
2192,4080.558
2208,4461.489
2352,4643.789
2336,4598.393
2240,4322.317
2208,3798.41
2128,3013.43
2096,1939.121
2080,706.749
2096,12.746
2096,0
1776,0
1696,0
1504,0
1040,0
1056,0
976,0
1360,12.435
1408,276.315
1456,431.032
1808,1039.585
1872,1937.763
2016,2851.555
1952,3674.859
2032,4308.459
2192,4741.203
2096,4974.29
2080,4991.956
2144,4788.47
2112,4341.342
1936,3622.717
2032,2589.274
1936,1201.807
1968,40.964
2048,0
1920,0
1840,0
1632,0
960,0
928,0
848,0
1200,14.925
1328,229.583
1328,316.433
1696,1010.996
1792,1991.242
1888,2953.559
1840,3784.712
1968,4424.195
2048,4849.898
2048,5067.82
2080,5055.626
2016,4815.524
2080,4335.499
1904,3595.578
1952,2555.262
1888,1183.388
1920,40.361
2000,0
1952,0
1856,0
1616,0
1296,0
1216,0
1168,0
1504,14.437
1648,204.409
1664,274.049
1728,982.239
1616,1963.159
1840,2911.7
1664,3728.717
1712,4352.967
1792,4765.804
1824,4968.751
1824,4951.837
1520,4715.523
1488,4245.492
1456,3523.235
1536,2509.449
1584,1175.375
1600,38.864
1648,0
1616,0
1696,0
1696,0
1296,0
1216,0
1152,0
1520,15.018
1552,225.824
1424,316.01
1424,1003.033
1296,1952.641
1536,2850.258
1504,3592.952
1568,4154.036
1584,4511.84
1600,4668.243
1584,4597.579
1536,4260.116
1536,3397.145
1360,1869.28
1376,841.118
1440,322.109
1424,4.23
1488,0
1392,0
1376,0
1296,0
976,0
992,0
944,0
944,0
1104,267.324
1136,610.351
1424,1163.093
1824,1888.428
2064,2588.403
1872,3239.85
2048,2229.947
2080,2359.395
2080,3420.247
2080,4544.799
2048,4346.402
2128,4011.996
1952,3219.314
2000,1905.475
2000,725.869
1920,13.213
2016,0
1888,0
1744,0
1440,0
960,0
928,0
864,0
1232,12.614
1360,220.982
1376,298.42
1488,985.658
1744,1985.207
1968,2957.689
1776,3792.678
1984,4437.596
2000,4858.143
2048,5069.339
2032,5007.48
1952,4660.45
2048,4171.759
1856,3366.898
1952,2080.207
1856,876.201
1904,17.883
1968,0
1888,0
1760,0
1536,0
1424,0
1264,0
1200,0
1200,11.739
1328,215.54
1216,292.156
1296,968.967
1776,1968.976
1968,2948.076
1904,3796.531
1968,4452.317
2160,4893.66
2320,5108.46
2320,5095.974
2304,4849.137
2192,4353.85
1968,3585.576
1888,2503.742
1936,1094.711
1856,24.423
1984,0
1856,0
1776,0
1552,0
1280,0
1248,0
1200,0
1200,11.127
1200,212.221
1200,290.857
1312,968.404
1632,1970.879
1968,2949.881
1824,3789.181
1920,4438.985
2032,4869.543
2112,5073.314
2128,5056.933
2128,4803.526
2096,4296.525
1968,3327.996
1952,2110.655
1936,964.52
1888,18.199
2016,0
1888,0
1888,0
1664,0
1392,0
1328,0
1280,0
1248,4.992
1408,264.035
1440,652.099
1472,1150.977
1680,1890.023
2080,2786.806
2048,3673.1
2256,4321.384
2256,4742.322
2176,4945.771
2128,4917.831
2176,4655.665
2000,4046.967
1872,3217.027
1904,1886.801
1840,554.942
1776,1.45
1904,0
1712,0
1696,0
1536,0
1264,0
1232,0
1152,0
1136,8.579
1248,224.125
1296,303.346
1312,937.389
1440,1916.013
1744,2867.472
1600,3669.328
1696,4286.096
1664,4688.281
1552,4859.433
1616,4810.264
1440,4535.4
1280,3943.731
1184,3227.435
1312,2087.98
1312,619.564
1264,1.701
1392,0
1312,0
1312,0
1392,0
1248,0
1136,0
1104,0
1104,0
1184,96.227
1024,390.001
976,925.439
1200,1628.358
1392,2526.123
1248,3401.663
1312,4106.858
1280,4498.707
1376,4705.027
1376,4555.932
1376,4290.105
1392,4007.867
1184,3265.483
1296,2183.873
1264,782.01
1200,4.818
1312,0
1184,0
1216,0
1008,0
832,0
832,0
784,0
784,8.477
768,254.31
800,375.549
1120,1011.525
1632,1996.772
1840,2988.982
1664,3845.16
1824,4516.692
1792,4950.61
1792,4911.423
1776,3792.507
1760,2208.131
1856,1404.053
1648,1505.439
1648,451.102
1632,79.334
1632,0
1456,0
1264,0
1104,0
1104,0
832,0
800,0
768,0
752,5.891
768,263.385
736,476.846
928,1005.768
1760,1927.89
1840,2815.246
1776,3649.915
1856,4235.616
1760,4917.238
1824,5087.807
1952,5094.56
1920,4845.237
1856,4292.4
1648,3463.604
1680,2237.908
1616,850.071
1376,3.21
1360,0
1376,0
1248,0
1040,0
848,0
864,0
800,0
800,5.03
800,242.142
816,397.859
1040,965.862
1584,1908.814
1744,2908.485
1632,3776.765
1824,4435.75
1776,4868.503
1872,5072.154
1840,5046.534
1808,4785.809
1936,4265.807
1664,3462.687
1760,2126.251
1664,381.189
1552,0
1424,0
1264,0
1216,0
1056,0
848,0
832,0
800,0
800,0
896,215.908
928,490.075
1168,561.07
1840,706.039
1952,867.809
1856,1011.273
1952,1064.252
1968,1117.73
2048,1130.929
2128,1130.019
2032,1134.283
2128,1175.816
1904,1149.893
2000,1063.532
1888,434.953
1728,0
1760,0
1648,0
1328,0
1040,0
864,0
848,0
800,0
816,1.519
928,289.262
928,698.985
1360,1236.095
1776,1981.089
1920,2757.519
1616,3299.758
1712,3587.889
1728,3344.493
1696,2360.405
1888,1849.041
1760,1522.869
1696,1384.724
1600,1075.723
1648,650.197
1504,123.002
1280,0
1344,0
1184,0
1088,0
992,0
832,0
848,0
800,0
784,0
912,253.668
944,660.418
960,1144.153
1296,1924.621
1472,2827.902
1392,3499.742
1392,3775.829
1360,3531.573
1536,3149.085
1584,3334.377
1424,2873.311
1408,2611.495
1360,1496.696
1408,1016.168
1248,298.153
1232,0
1328,0
1216,0
1360,0
1296,0
880,0
816,0
816,0
800,0
912,268.131
928,650.635
944,1169.805
1088,1840.882
1408,2534.688
1184,3465.944
1328,4106.174
1296,4475.736
1312,4494.685
1360,4625.079
1552,4088.26
1472,3357.103
1408,2486.84
1248,1179.796
1136,473.628
1136,0
1248,0
1200,0
1152,0
960,0
816,0
800,0
784,0
752,0
784,234.291
768,393.905
1216,919.373
1536,1852.912
1792,2768.93
1664,3685.614
1760,4354.039
1872,4797.902
1872,5014.819
1888,4998.094
1936,4688.772
1872,3869.831
1760,2556.684
1792,1573.952
1808,732.377
1744,0
1536,0
1168,0
1088,0
1040,0
832,0
816,0
784,0
768,0
784,213.563
800,338.431
1232,885.886
1600,1859.183
1824,2835.732
1856,3683.113
1840,4334.413
1920,4766.897
1888,4962.624
1904,4929.744
1936,4657.088
1888,4121.152
1792,3281.19
1792,2034.506
1712,566.418
1648,0
1584,0
1248,0
1216,0
1120,0
848,0
832,0
784,0
784,0
816,230.704
800,617.451
1120,1109.792
1648,1829.573
1888,2676.976
1776,3443.777
1808,4100.606
2048,4608.212
2160,4833.953
2048,4770.129
2064,4468.903
1984,3892.142
1776,2996.529
1840,1740.665
1760,514.993
1760,0
1776,0
1408,0
1248,0
1152,0
896,0
880,0
848,0
832,0
960,210.745
960,650.387
1200,1154.388
1488,1781.199
1808,2594.818
1632,3447.25
1728,4085.905
1792,4441.594
1808,4548.396
1872,4478.66
1904,3857.019
1840,2307.716
1760,675.349
1760,223.119
1728,77.567
1712,0
1840,0
1664,0
1328,0
1152,0
880,0
848,0
816,0
816,0
928,114.312
976,427.001
1328,846.723
1664,1325.487
2000,1861.157
1872,2365.003
1888,3570.148
1936,3783.758
1904,3584.841
1904,3265.672
1984,3281.296
1728,2564.378
1664,1491.539
1632,907.215
1552,339.186
1440,0
1536,0
1424,0
1328,0
1200,0
928,0
880,0
848,0
832,0
944,237.807
1008,581.829
1040,1000.305
1520,1817.777
1856,2677.093
1616,3425.133
1840,3712.806
1888,2678.279
1808,2937.709
1776,3207.791
1824,2501.943
1968,1603.753
1664,626.665
1488,298.064
1424,74.5
1376,0
1472,0
1360,0
1424,0
1472,0
1184,0
1168,0
1136,0
1120,0
1168,179.145
1024,428.219
992,1003.723
1312,1826.773
1600,2708.851
1680,3515.828
1712,4154.633
1744,4579.554
1760,4623.625
1776,3994.248
1472,3373.846
1376,3508.385
1344,2586.893
1472,1137.261
1360,413.571
1360,0
1392,0
1328,0
1344,0
1072,0
880,0
832,0
832,0
816,0
928,203.437
992,566.683
1424,1057.81
1616,1463.222
1904,2348.932
1792,3369.611
1840,3918.443
1872,4214.222
2000,4473.262
1952,4453.203
1968,4084.605
1968,3454.578
1808,2708.952
1888,1613.997
1808,483.258
1744,0
1840,0
1520,0
1328,0
1200,0
800,0
752,0
704,0
704,0
832,191.485
832,351.209
1136,772.768
1808,1678.754
2032,2592.566
1904,3389.585
1984,4007.014
2016,4415.277
2000,4607.123
2048,4575.536
2048,4299.114
2000,3768.173
1872,3002.718
1920,1914.426
1888,578.747
1888,0
1920,0
1424,0
1456,0
1296,0
864,0
800,0
768,0
752,0
880,184.631
912,343.423
1312,757.077
1824,1657.978
2080,2549.662
1968,3329.214
2048,3931.547
2000,4316.783
2144,4455.205
2096,4331.789
2144,4052.685
2080,3619.998
2000,2906.065
2080,1825.558
2096,492.564
1952,0
2032,0
1600,0
1536,0
1360,0
848,0
784,0
736,0
736,0
880,186.857
880,386.143
1168,767.262
1872,1619.712
2192,2488.35
2016,3252.735
2144,3857.379
2144,4257.635
2144,4420.486
2160,4353.233
2160,4039.217
2064,3456.274
1936,2584.452
1984,1438.631
1920,353.062
1920,0
2000,0
1616,0
1472,0
1344,0
848,0
784,0
768,0
752,0
864,187.513
1232,413.361
1424,786.932
1936,1636.15
2208,2493.403
2096,3241.795
2016,3839.457
2064,4238.479
2064,4411.745
2160,4324.73
2240,3882.065
2112,2915.657
1920,1933.436
1936,811.44
1952,111.655
1984,0
2016,0
1584,0
1440,0
1344,0
864,0
800,0
752,0
736,0
848,59.001
880,321.933
1184,638.867
1936,1194.898
2176,1891.599
1984,1572.629
2016,1439.247
1984,1287.38
2032,1212.632
2016,963.049
1952,684.265
1936,494.691
1840,287.303
1536,124.34
1504,11.727
1488,0
1600,0
1456,0
1520,0
1600,0
928,0
784,0
752,0
736,0
864,127.21
896,522.552
896,1057.502
1408,1719.59
1744,2180.889
1376,2459.177
1392,2417.341
1456,2249.501
1504,2100.914
1472,1830.337
1408,1485.204
1376,1069.786
1344,622.015
1312,242.72
1360,35.504
1312,0
1344,0
1296,0
1248,0
1136,0
816,0
768,0
784,0
736,0
864,165.448
896,537.992
1280,914.815
1840,1705.94
2096,2463.895
1968,3333.423
1984,3928.214
2176,4324.465
2016,4455.189
2016,4004.71
2048,3191.208
1936,2014.627
1888,1320.911
1936,913.857
1872,171.433
1888,0
1952,0
1616,0
1376,0
1296,0
832,0
784,0
752,0
736,0
880,165.836
880,407.346
624,736.607
1728,1617.803
2016,2532.107
1904,3347.506
1936,4003.978
1952,4445.403
1984,4653.371
1920,4620.146
1920,4329.741
1824,3692.299
1792,2345.213
1840,616.402
1808,90.141
1776,0
1840,0
1568,0
1344,0
1280,0
848,0
800,0
752,0
752,0
864,115.182
912,537.251
1312,886.131
1920,1633.642
2016,2521.736
1904,3223.919
1920,3785.871
2048,4357.793
2176,4619.039
2064,4642.626
2064,4371.698
1952,3815.831
1824,2862.935
1872,1326.398
1872,174.218
1488,0
1584,0
1488,0
1344,0
1168,0
848,0
768,0
752,0
736,0
848,153.081
880,398.065
1136,700.899
1824,1613.629
1872,2580.176
1728,3443.295
1792,4115.735
1968,4562.386
1936,4763.071
1888,4713.427
1888,4337.866
1872,3429.454
1824,2273.177
1856,656.615
1664,124.513
1504,0
1536,0
1408,0
1440,0
1184,0
784,0
784,0
720,0
704,0
848,106.348
880,497.728
1248,951.973
1920,1531.137
2016,2361.157
1792,2893.113
1808,3068.529
1808,3095.225
1856,3093.517
1920,3161.08
1904,2432.366
1856,1933.609
1744,1266.376
1808,581.599
1760,69.748
1792,0
1760,0
1536,0
1408,0
1360,0
1040,0
1024,0
992,0
976,0
1104,101.888
1136,485.439
1168,962.702
1680,1633.163
1872,2463.748
1584,3222.515
1616,3697.03
1648,3977.506
1648,3832.802
1600,3423.466
1648,3283.582
1616,3007.531
1456,1767.778
1584,845.531
1536,147.543
1488,0
1472,0
1376,0
1408,0
1344,0
816,0
752,0
736,0
720,0
832,126.881
864,391.255
1088,647.003
1728,1538.659
1920,2485.008
1632,3334.803
1744,4002.042
1664,4440.352
1792,4652.312
1808,4615.967
1792,4313.762
1696,3589.565
1584,2605.236
1568,1494.095
1632,161.619
1216,0
1328,0
1184,0
1216,0
1120,0
768,0
752,0
720,0
704,0
832,121.172
864,549.314
1280,943.387
1840,1396.681
2000,1548.973
1760,1645.786
1936,2049.449
1920,3332.167
2000,3620.703
2016,3246.564
2016,2872.424
1952,2257.636
1856,1578.56
1872,719.489
1936,109.148
1920,0
1888,0
1456,0
1392,0
1312,0
864,0
736,0
704,0
704,0
848,59.225
848,455.291
1216,853.136
1856,1570.148
2128,2192.902
1856,3042.963
1984,3199.776
2000,2687.785
1984,2899.312
2000,2420.812
2000,1290.217
1968,712.764
1856,680.516
1824,661.791
1872,111.279
1856,0
1888,0
1792,0
1632,0
1376,0
848,0
800,0
784,0
752,0
896,15.016
912,214.524
1296,587.025
1936,1019.088
2080,1043.279
1920,1206.53
2064,1458.919
2096,1268.15
2288,1158.617
2096,1020.466
2080,905.324
1952,762.694
1936,1159.467
1840,959.042
1872,132.911
1840,0
1840,0
1424,0
1488,0
1360,0
928,0
848,0
800,0
800,0
912,96.937
960,493.423
1248,951.767
1792,1425.926
2064,1947.348
1888,2374.315
1872,2724.295
1984,3001.322
2016,3447.529
2064,4492.726
2064,4053.789
1984,2533.701
1920,782.107
2000,945.291
1872,111.698
1536,0
1552,0
1472,0
1392,0
1248,0
976,0
928,0
880,0
816,0
880,78.197
912,258.441
1264,656.595
1744,1620.122
1968,2111.622
1936,2022.623
2016,2649.764
2064,3405.82
2064,3126.528
2080,2992.325
2160,3183.546
2016,1899.422
1952,937.407
2096,333.459
1984,20.276
1984,0
2032,0
1712,0
1632,0
1424,0
912,0
848,0
800,0
800,0
944,77.277
944,468.47
976,597.787
1024,1172.868
1456,2196.365
1376,3156.132
1472,3783.201
1504,4209.236
1504,4436.073
1472,4588.971
1536,4269.128
1552,3694.691
1440,2751.834
1616,1504.278
1584,161.793
2032,0
2112,0
1824,0
1792,0
1648,0
1280,0
1136,0
1072,0
992,0
1056,74.971
1008,434.018
1040,841.937
1440,1487.381
1616,2309.195
1696,3315.391
1856,3979.428
1728,4396.019
1760,4637.534
1744,4491.08
1712,3747.502
1696,1816.456
1616,814.353
1728,268.598
1728,12.726
1584,0
1680,0
1584,0
1472,0
1088,0
976,0
864,0
800,0
816,0
960,66.857
976,445.653
1264,657.405
1728,1497.876
1904,2309.952
1728,2911.109
1824,3539.551
1888,3985.824
1904,4095.663
1904,3497.362
1920,2429.811
1888,1363.461
1760,1130.171
1760,592.394
1744,45.445
1600,0
1680,0
1504,0
1488,0
1328,0
944,0
816,0
816,0
768,0
784,56.887
768,390.562
1072,620.927
1696,1446.385
1920,2430.514
1824,3315.322
1904,3989.363
2016,4429.403
1952,4571.606
2080,4306.565
2016,3681.565
2048,2664.892
1888,1397.701
1984,521.858
1920,31.621
1776,0
1856,0
1632,0
1632,0
1440,0
912,0
816,0
768,0
768,0
800,40.624
784,403.436
1200,537.682
1840,1407.303
1968,2340.27
1952,3226.492
2144,3932.131
2256,4407.05
2304,4667.086
2224,4680.778
2272,4388.799
2208,3743.011
2064,2370.352
2016,506.075
2000,17.573
1952,0
1984,0
1904,0
1792,0
1536,0
848,0
816,0
768,0
752,0
896,0
944,98.764
1280,283.394
2080,509.783
2064,959.644
2064,1617.523
2160,2564.192
2272,3389.327
2336,3808.364
2352,3249.58
2368,2547.48
2272,1832.115
2224,599.833
2240,137.1
2192,0
2016,0
2000,0
1888,0
1728,0
1472,0
1008,0
944,0
912,0
912,0
1040,41.359
1072,346.875
1360,490.194
2112,1382.072
2208,2362.093
2064,3236.723
2224,3773.203
2304,4003.529
2336,2985.688
2272,3024.014
2272,3057.145
2256,2317.704
2208,1430.576
2224,480.92
2128,12.583
1936,0
1984,0
1712,0
1616,0
1456,0
864,0
816,0
768,0
768,0
912,17.521
944,352.414
992,753.497
1824,837.826
2080,1006.061
1472,1163.473
1440,1229.67
1424,1078.089
1568,1233.772
1632,1793.248
1648,2596.523
1504,770.386
1344,403.099
1408,145.028
1472,0
1344,0
1424,0
1312,0
1440,0
1184,0
800,0
784,0
736,0
736,0
864,15.574
928,388.446
960,682.128
1056,1422.33
1248,2096.166
1088,2173.281
1296,3127.469
1776,4113.669
1808,4008.786
1680,3639.32
1696,3467.34
1632,2593.407
1552,1511.445
1568,332.301
1648,0
1632,0
1728,0
1568,0
1328,0
1104,0
1024,0
1008,0
896,0
912,0
1040,0
1104,160.411
1360,592.042
2016,1295.171
2496,2302.73
2464,3205.614
2432,3888.544
2528,4350.554
2544,4528.757
2496,4315.088
2640,4081.253
2544,3401.54
2224,2367.482
2320,730.31
2144,18.089
2192,0
2224,0
2048,0
1872,0
1472,0
1136,0
1040,0
1024,0
992,0
1088,15.023
1168,361.329
1408,869.39
2032,1292.264
2336,1284.257
2288,1570.793
2368,1757.092
2432,1556.016
2416,1446.235
2480,1295.286
2496,1041.045
2512,665.261
2208,346.721
2144,106.444
2128,0
1952,0
2016,0
1904,0
1760,0
1536,0
1152,0
1136,0
1040,0
1056,0
1056,15.198
1088,291.335
1184,408.886
2128,1234.063
2336,2225.778
2336,3134.043
2528,3852.129
2576,4336.117
2736,4554.892
2704,4518.154
2720,4198.386
2672,3557.657
2288,2514.545
2368,1086.928
2304,17.82
2224,0
2304,0
2032,0
1808,0
1520,0
992,0
976,0
944,0
912,0
928,12.183
912,256.106
1152,348.873
2080,1192.259
2416,2198.434
2416,3111.346
2608,3836.159
2640,4324.021
2512,4561.123
2576,4536.758
2704,4237.285
2784,3630.053
2512,2655.955
2384,1230.463
2416,16.47
2208,0
2320,0
2128,0
2016,0
1840,0
1232,0
1136,0
976,0
928,0
1056,8.838
1088,241.713
560,332.677
1376,1165.542
1888,2162.321
2128,3065.6
2080,3775.665
2144,4251.018
3136,4480.036
3504,4451.201
3552,4152.63
3472,3555.197
2896,2597.164
2912,1193.517
2736,10.268
2608,0
2672,0
2560,0
2512,0
2240,0
1840,0
1712,0
1680,0
1648,0
1728,5.879
1712,245.599
1840,345.84
2496,1143.365
2944,2130.455
2800,3025.333
2816,3727.955
2816,4195.205
2896,4415.676
2736,4373.733
2784,4056.857
2800,3407.807
2608,2373.962
2704,898.557
2768,0
2768,0
2736,0
2736,0
2656,0
2192,0
1840,0
1776,0
1888,0
1808,0
1776,1.575
1808,295.787
1776,502.524
3024,1168.11
2944,2056.584
2560,2822.552
2448,3433.82
2528,3825.309
2560,3962.872
2784,3891.095
2528,3491.844
2496,2803.554
2432,1698.607
2384,606.977
2400,0
2352,0
2544,0
2400,0
2304,0
2080,0
1760,0
1744,0
1792,0
1808,0
1792,0.342
1808,282.456
2016,475.091
3008,1150.057
3408,2050.13
3216,2817.392
3664,3395.388
3600,3733.413
3744,3825.39
3728,3684.412
3840,3182.702
3648,2054.856
3280,782.647
3216,257.529
3264,0
3152,0
3184,0
3008,0
2592,0
2208,0
1824,0
1792,0
1856,0
1856,0
1744,0
1760,289.286
2032,551.788
3200,1185.409
3744,1978.909
3504,2569.401
3632,3011.159
3584,3140.146
3696,3147.518
3872,2881.453
3824,2578.652
3824,1982.512
3328,1444.915
3472,531.377
3232,0
2624,0
2736,0
2576,0
2432,0
2192,0
1888,0
1808,0
1888,0
1824,0
1840,0
1792,82.879
2032,470.679
2944,1282.349
3536,1968.315
3360,2726.314
3248,3453.105
3392,3872.721
3456,3975.124
3456,3751.493
3424,3088.7
3472,1974.434
3120,1042.659
3136,341.248
3088,0
3024,0
3024,0
2976,0
2880,0
2480,0
1760,0
1680,0
1792,0
1632,0
1616,0
1712,247.562
1888,664.561
3200,1213.791
3664,1981.103
3296,2716.106
3344,3204.99
3440,3356.769
3440,2943.574
3520,2404.596
3552,1825.537
3280,1460.537
2960,984.313
2864,338.425
2752,0
2704,0
2768,0
2624,0
2592,0
2416,0
1344,0
1168,0
1120,0
1104,0
1232,0
1296,242.788
1424,462.775
2576,1060.908
3584,1973.409
3424,2836.998
3472,3530.764
3440,4000.92
3392,4237.128
3360,4207.08
3392,3901.501
3456,3270.946
2976,2240.748
2944,800.582
2720,0
2720,0
2816,0
2720,0
2592,0
2240,0
2128,0
2128,0
1936,0
1952,0
1936,0
2432,228.67
2704,436.788
3344,1027.959
3632,1930.675
3248,2767.261
3312,3434.245
3344,3887.612
3456,4118.929
3376,4085.572
3376,3761.96
3520,3100.368
3344,2043.158
2960,649.42
2896,0
3008,0
2960,0
2672,0
2528,0
2400,0
2112,0
2032,0
2000,0
2016,0
1968,0
1968,246.328
2176,656.406
3168,1259.329
3408,1895.894
3184,1947.792
3168,1959.692
3216,2316.699
3264,2746.314
3184,3362.271
3152,2981.274
2944,1135.323
2784,311.084
3024,101.86
2976,0
2928,0
2944,0
2912,0
2768,0
2448,0
2016,0
2064,0
1952,0
1952,0
1904,0
1840,199.256
1968,334.483
2736,971.434
2880,2014.496
2752,2971.666
3136,3740.055
3088,4258.071
3120,4503.203
3104,4474.284
3072,4147.295
3040,3476.671
2960,2386.591
3104,818.697
2784,0
2912,0
2784,0
2496,0
2240,0
2016,0
1600,0
1488,0
1344,0
1328,0
1184,0
1216,192.385
1552,363.975
2656,966.292
2560,1965.241
3216,2905.203
3536,3644.415
3696,4138.807
3520,4373.851
3136,4337.642
3104,4013.666
3248,3359.634
3152,2245.899
3072,759.476
3040,0
3152,0
3248,0
3296,0
3232,0
3040,0
1904,0
1904,0
1728,0
1648,0
1728,0
1232,194.988
1120,417.858
2176,971.459
2848,1917.362
2848,2713.664
2928,3384.883
2944,3895.387
3072,4146.76
3248,4158.179
2992,3857.226
2416,3245.251
2352,2207.381
2496,658.755
2416,0
2448,0
2576,0
2464,0
2464,0
2352,0
1136,0
1104,0
1120,0
1056,0
1088,0
1136,178.575
1664,339.686
2208,933.306
2832,1964.668
2704,2875.276
2688,3598.396
3088,4087.165
2944,4302.813
2848,4250.135
2912,3869.656
3024,3131.625
3152,1605.877
2960,293.073
2848,0
3104,0
3376,0
3232,0
3120,0
2768,0
1168,0
912,0
880,0
784,0
768,0
800,158.718
1024,303.833
1712,888.158
2144,1945.553
2064,2901.48
2144,3660.298
2272,4182.101
2240,4438.586
2432,4423.12
3008,4121.403
2752,3458.782
2448,2348.965
2416,840.133
2208,0
2160,0
2240,0
2144,0
2016,0
1504,0
1216,0
1216,0
1136,0
1024,0
976,0
1072,37.445
1072,241.854
1552,525.768
2112,832.626
2048,1244.56
2224,1600.764
2160,1952.2
2128,1784.565
2160,1256.738
2128,1144.607
2096,730.125
1856,440.039
1920,68.993
1888,0
1744,0
2080,0
1824,0
1664,0
1552,0
1456,0
1296,0
1328,0
1120,0
944,0
1040,45.319
1072,299.879
1520,696.488
1904,1262.469
2016,1680.954
1952,1790.288
2048,2076.641
2016,1990.261
1968,1655.202
1920,969.479
2624,461.231
2128,205.857
2112,18.515
2096,0
2064,0
1872,0
1792,0
1328,0
1392,0
1152,0
1312,0
1104,0
1072,0
1072,0
1088,83.168
1216,569.337
1616,1122.461
2224,1758.55
2544,2475.68
2512,3009.882
1968,3071.849
1984,2740.936
2064,2284.167
2400,2026.044
2256,1318.936
2016,627.293
1744,129.384
1680,0
1648,0
1824,0
1584,0
1536,0
1232,0
912,0
896,0
848,0
848,0
832,0
880,132.505
1056,373.186
1344,842.954
1808,1825.631
1824,2695.493
1840,3450.28
1856,4020.117
2176,4255.876
2192,4209.712
2160,3850.95
2064,3161.827
1872,1980.409
2064,435.653
2016,0
1936,0
1920,0
1712,0
1744,0
1392,0
1056,0
1024,0
928,0
880,0
832,0
816,121.578
880,343.659
1312,810.496
1776,1803.161
1792,2741.499
1920,3491.738
2416,4000.889
2448,4250.243
2800,4214.178
2848,3727.699
2656,2699.723
2560,1001.809
2416,128.661
2288,0
2208,0
2496,0
2224,0
2144,0
2016,0
1600,0
1616,0
1504,0
1456,0
1472,0
1472,109.607
1824,493.209
2272,988.168
2496,1704.115
2720,2190.782
2704,2775.317
2880,3009.506
2848,2789.88
2864,2793.727
2704,2640.484
3008,1619.905
3040,805.242
3216,158.332
3360,0
3792,0
3856,0
3728,0
3552,0
2640,0
1248,0
1280,0
1184,0
1184,0
1360,0
1312,85.151
1408,508.756
1952,991.993
2352,1703.296
2592,2534.225
2752,3292.048
2816,3567.057
2848,3461.401
2880,3025.888
3248,2085.888
3312,1154.43
3376,611.107
3456,53.351
3680,0
3824,0
3888,0
3792,0
3616,0
3216,0
1264,0
1344,0
1216,0
1184,0
992,0
976,70.491
912,453.895
1488,839.932
2592,1673.055
2704,2625.079
2880,3389.386
2592,3909.25
2880,4148.088
2976,4116.163
2912,3787.634
2640,3079.4
2544,1891.047
2848,287.073
2784,0
2624,0
2288,0
2128,0
2272,0
1872,0
1264,0
1120,0
1088,0
1056,0
896,0
864,65.248
944,274.453
1744,670.058
3168,1671.105
3552,2618.248
4032,3375.739
3808,3882.96
4016,4128.187
3920,4090.875
3888,3746.418
3680,2985.012
3392,1785.36
3424,242.039
3472,0
3360,0
3312,0
3072,0
2848,0
2688,0
1232,0
1152,0
1168,0
1136,0
1104,0
1024,57.849
1232,433.768
1536,960.893
2272,1655.727
3136,2467.86
3152,2993.967
2976,3448.636
3328,3412.71
2944,2899.665
2992,2088.499
3232,1009.357
3760,341.56
3968,14.019
3936,0
3776,0
4208,0
4032,0
3904,0
3568,0
1968,0
1712,0
1696,0
1600,0
1568,0
1536,58.211
1408,338.817
1760,684.942
2256,1653.257
2352,2643.739
2320,3370.135
2704,3738.914
2896,3763.293
2976,3529.048
2736,2708.988
2672,1651.103
2592,699.913
2656,42.209
2784,0
2768,0
2768,0
2608,0
2368,0
2096,0
1408,0
1200,0
1152,0
1168,0
912,0
864,51.921
944,377.685
1536,793.282
2032,1599.105
2176,2487.867
2080,3219.815
2128,3785.176
2480,4154.078
2528,4197.16
2160,3882.374
1936,3170.054
1808,1931.32
1728,156.749
1888,0
1792,0
1792,0
1568,0
1504,0
1280,0
992,0
976,0
912,0
848,0
832,0
848,38.805
496,233.604
1728,567.199
2240,1633.542
2208,2647.576
2240,3460.442
2128,4027.973
2256,4295.43
2496,4271.371
2288,3927.344
2704,3201.628
2864,1721.718
2656,105.657
2944,0
3168,0
3360,0
3280,0
2976,0
2832,0
1344,0
976,0
944,0
944,0
848,0
832,36.502
912,324.084
1376,629.108
1744,1576.377
1712,2365.47
2032,3062.273
2240,3739
2448,4065.645
2560,4069.614
2576,3745.931
2656,3026.873
2608,1803.437
2576,103.458
2864,0
2432,0
2528,0
2352,0
2112,0
1696,0
848,0
832,0
768,0
752,0
736,0
784,29.688
1008,261.365
1456,555.558
1664,1552.6
1696,2531.279
1888,3311.172
2528,3833.972
2688,4080.772
3088,4037.328
3200,3686.25
3200,2972.158
3312,1768.372
3056,82.234
2928,0
2960,0
3120,0
3392,0
2832,0
2240,0
1376,0
1056,0
944,0
912,0
880,0
816,25.844
992,278.191
1552,568.196
1680,1526.22
1776,2450.267
2064,3172.515
2288,3641.673
2368,3813.486
3040,3687.591
2928,2851.948
3488,1765.602
3104,875.32
2976,21.51
3568,0
3744,0
3776,0
3744,0
3664,0
2656,0
1232,0
1152,0
1120,0
1088,0
1216,0
1248,0
1344,83.186
2368,297.265
2608,624
2768,1031.027
2800,1503.399
3200,2045.2
3136,2602.753
2624,2806.278
2192,2723.47
2224,2079.278
2032,768.629
1968,6.928
2032,0
1968,0
1936,0
1872,0
1600,0
1344,0
944,0
896,0
880,0
880,0
896,0
864,14.753
832,384.367
1232,881.318
1552,1452.265
1488,1957.945
1696,2327.413
2032,2106.24
2240,1901.509
2064,1221.134
2224,669.812
2176,649.737
2112,480.103
2528,0.063
2576,0
2672,0
2880,0
2752,0
2496,0
1840,0
960,0
944,0
880,0
880,0
1328,0
1584,9.035
1488,346.596
2096,687.688
2576,1478.792
2672,2252.679
2768,2671.362
3072,2854.741
3040,3020.317
2752,3081.479
2704,2723.821
3056,1830.764
3040,450.309
3600,0
3968,0
3680,0
3872,0
3680,0
3472,0
2624,0
1136,0
1104,0
1104,0
1120,0
1088,0
1168,4.941
1152,319.233
1856,786.199
2576,1406.496
2720,2020.164
3056,2523.448
3312,2282.329
3232,1978.343
3328,1195.979
3168,685.195
3856,533.488
3792,242.62
3328,0
3376,0
3840,0
4064,0
3872,0
3824,0
3360,0
1312,0
1152,0
1136,0
1120,0
1248,0
1296,0
1264,112.566
1536,320.156
2112,819.204
2144,1586.766
2544,1950.507
2544,2353.887
2432,3113.683
2256,2934.143
2192,2593.746
2288,1551.902
2288,421.768
2304,0
2352,0
2224,0
2192,0
2048,0
1920,0
1680,0
1040,0
944,0
912,0
880,0
864,0
1072,0.147
1536,311.395
2288,614.388
2768,1404.684
3024,2273.613
2880,2995.871
2864,3472.072
3056,3562.261
2880,3060.063
3184,1871.535
2688,829.772
2656,383.571
2864,0
3088,0
2752,0
3056,0
2832,0
2720,0
2496,0
1216,0
1008,0
944,0
976,0
928,0
912,0
1104,318.513
2448,783.351
3280,1324.729
3056,1448.499
3424,1915.627
3376,2726.611
3456,2077.665
3600,1489.369
3712,777.072
3648,782.08
3328,738.358
3264,0
3568,0
3072,0
3104,0
2944,0
2640,0
2464,0
1280,0
1264,0
1152,0
1120,0
1168,0
1216,0
1072,274.543
1584,653.176
1952,1361.711
1984,2225.27
2368,2978.935
2448,3459.409
2304,3698.616
2352,3626.534
2288,3216.459
2336,1891.417
2384,642.637
2288,0
2224,0
2176,0
2208,0
2080,0
1840,0
1616,0
1344,0
1328,0
1296,0
1136,0
880,0
944,0
1120,296.383
1552,735.475
2048,1371.811
2048,1911.933
2112,2321.666
2144,2316.902
2208,2165.057
1936,1985.271
2128,1603.989
2192,466.226
2096,36.267
2224,0
2192,0
2032,0
1840,0
1664,0
1600,0
1440,0
1184,0
1232,0
1184,0
1152,0
1376,0
1488,0
1680,250.078
1456,554.715
1984,726.081
1936,1223.543
1936,2171.933
1888,3329.317
2048,3718.317
2112,3473.32
1856,2771.646
1872,1679.628
1856,484.391
1824,0
1840,0
1760,0
1824,0
1696,0
1648,0
1456,0
896,0
816,0
752,0
768,0
784,0
832,0
896,228.548
1168,651.877
1488,1344.086
1344,2212.577
1552,2940.744
1536,3420.734
1552,3525.676
1472,3273.411
1488,2554.968
1648,1223.571
1536,233.839
1536,0
1552,0
1520,0
1584,0
1360,0
1328,0
1136,0
848,0
832,0
784,0
784,0
784,0
800,0
912,136.723
1200,360.79
1664,572.325
1792,797.642
1792,657.597
1776,405.588
1728,528.256
1632,812.314
1552,786.041
1424,551.097
1392,246.227
1408,0
1440,0
1424,0
1472,0
1120,0
1040,0
976,0
800,0
768,0
736,0
720,0
736,0
752,0
848,225.068
1056,462.71
1472,1242.645
1600,2091.971
1696,2781.659
1632,3336.77
1696,3691.688
1664,3764.513
1584,3322.106
1584,2432.61
1440,1101.966
1344,0
1312,0
1232,0
1296,0
1200,0
1152,0
992,0
784,0
768,0
736,0
736,0
736,0
784,0
832,152.122
1088,525.17
1392,816.184
1328,833.136
1696,857.243
2096,862.079
2176,839.793
2320,722.027
2240,594.162
2336,332.924
2272,51.495
2784,0
2688,0
2704,0
2800,0
2400,0
1776,0
1456,0
832,0
784,0
720,0
720,0
752,0
768,0
848,203.147
1200,642.549
1696,1241.034
1808,1962.931
1792,2637.6
2160,3083.666
2304,3193.927
2128,2703.096
2112,1601.517
2160,749.586
1856,145.559
1808,0
1968,0
1824,0
1952,0
1776,0
1712,0
1216,0
832,0
832,0
800,0
800,0
800,0
880,0
1216,71.502
1920,438.686
2560,793.309
2512,1160.723
2736,1375.406
2768,1398.032
2864,1201.026
2928,791.917
2816,470.158
2992,282.373
2784,32.504
3264,0
3520,0
3616,0
3600,0
3488,0
3488,0
3552,0
1712,0
1088,0
816,0
816,0
816,0
800,0
912,153.513
1568,630.77
2464,1176.215
2256,1782.746
2384,1942.314
3008,1576.533
2704,1272.91
2096,495.004
2080,546.251
2800,466.086
2688,71.566
2832,0
2752,0
2896,0
2928,0
2720,0
2864,0
2416,0
1312,0
944,0
848,0
832,0
832,0
864,0
1040,18.209
1728,547.104
2096,1155.448
2192,1977.861
2400,2721.807
2400,3289.209
2592,3541.154
2560,3444.595
2432,2999.719
2992,2036.144
3488,471.549
3600,0
3584,0
3744,0
3824,0
3552,0
3008,0
2000,0
976,0
992,0
864,0
800,0
768,0
816,0
880,146.42
1136,582.275
1408,1028.202
1808,1631.947
2224,2172.871
2960,2677.763
3072,2570.29
3216,2153.197
3056,2023.002
3184,686.655
3136,100.985
3872,0
4016,0
3936,0
3984,0
3872,0
3760,0
3488,0
1280,0
1088,0
928,0
944,0
880,0
912,0
896,134.494
1408,333.699
2096,1027.795
2240,1928.448
2944,2681.308
2992,3182.736
2960,3398.354
2944,3245.436
2912,2421.925
3200,983.514
3360,56.284
3248,0
3136,0
3328,0
3936,0
3744,0
3568,0
3120,0
1360,0
1168,0
1200,0
1088,0
1248,0
1264,0
1408,126.323
2304,465.044
3056,1037.405
3488,1414.971
3472,2039.562
3600,2775.862
3680,3212.395
3536,3135.677
3376,2658.912
3312,1719.986
3232,296.148
2992,0
3264,0
3664,0
3760,0
3568,0
3472,0
2592,0
1168,0
1136,0
1104,0
1104,0
1216,0
1296,0
1472,107.74
1872,430.37
2992,989.216
3264,1778.876
3072,2493.622
2704,3007.314
2640,3238.629
2672,3155.192
2576,2695.903
2784,1771.417
2992,294.408
3248,0
3312,0
3344,0
3808,0
3520,0
3488,0
3088,0
1456,0
1232,0
1168,0
1168,0
1200,0
1184,0
1264,92.972
1920,504.824
2256,1047.382
2448,1777.345
2608,2415.156
2720,2744.658
2800,2121.272
2784,1120.494
2688,609.659
3024,217.466
2768,3.575
2912,0
2992,0
3216,0
3568,0
3472,0
3184,0
2640,0
1072,0
944,0
928,0
880,0
1024,0
1264,0
1424,90.956
2048,432.24
2304,1000.892
2512,1826.088
2320,2193.619
2480,1576.169
2384,1244.809
2880,1298.658
2880,1256.762
3136,924.601
3088,136.291
3024,0
3280,0
3376,0
3360,0
3232,0
3376,0
3136,0
1696,0
1488,0
1408,0
1392,0
1440,0
1488,0
1600,73.257
2016,452.988
2256,996.862
2192,1608.223
2448,2218.831
2432,2634.218
2512,2405.544
3056,1607.786
3376,756.647
3312,160.595
3152,0
3168,0
3296,0
3136,0
3232,0
3040,0
2720,0
2208,0
2016,0
1824,0
1584,0
1328,0
1200,0
1440,0
1504,28.021
2304,274.75
2832,662.027
2640,1452.207
3104,1728.919
3248,1294.922
3264,1988.374
3104,2702.051
3072,2281.104
3184,1335.824
3184,154.29
3200,0
3152,0
2976,0
3504,0
3424,0
3136,0
3008,0
2288,0
2256,0
2080,0
1824,0
1376,0
1360,0
1456,0
1936,115.881
2400,572.211
2240,1519.084
2448,1932.449
2848,1901.815
2832,1171.675
2704,746.496
2768,518.76
3200,423.197
2848,38.789
2832,0
2832,0
3136,0
3376,0
3216,0
3104,0
3008,0
1792,0
1616,0
1456,0
1072,0
944,0
976,0
1072,16.136
1312,343.237
1472,847.673
1712,1309.263
1312,1610.168
1360,2096.368
1696,1828.431
1520,1181.147
1472,549.958
1408,203.861
1376,0.234
1424,0
1488,0
1424,0
1504,0
1328,0
1232,0
1120,0
928,0
944,0
864,0
848,0
912,0
928,0
992,47.822
1648,294.368
2496,531.371
2320,815.403
2528,1239.222
2784,928.972
2432,962.114
2512,983.614
2656,1306.029
2688,652.101
2528,46.615
2464,0
2352,0
2288,0
2000,0
1680,0
1488,0
1200,0
992,0
928,0
896,0
896,0
864,0
832,0
880,26.684
1392,190.825
1616,562.804
1600,952.245
1728,1146.929
1760,1898.129
1952,2469.511
1808,2491.661
1824,1949.148
1792,1091.394
1744,58.734
1760,0
1744,0
1728,0
1760,0
1248,0
1168,0
1040,0
880,0
832,0
784,0
736,0
736,0
752,0
800,28.434
1296,379.337
1968,824.02
2320,1369.967
2704,2206.709
2672,2773.66
2752,3010.406
2832,2924.091
2496,2417.732
3152,1392.215
2976,44.795
3248,0
3088,0
3376,0
3424,0
3312,0
3136,0
2880,0
2464,0
2368,0
2352,0
2304,0
2304,0
2368,0
2480,15.372
2816,322.933
3104,803.354
3424,1440.42
3472,2186.555
3632,2678.463
3552,2680.625
3584,1520.88
3648,967.702
3968,900.955
3808,30.692
3824,0
3888,0
4000,0
3904,0
3856,0
3840,0
3744,0
3408,0
3296,0
3104,0
2944,0
2896,0
2992,0
2976,18.514
3152,348.597
3440,787.058
3504,1493.815
3792,2236.27
3744,2722.167
3472,3025.521
3632,2926.424
3808,2139.074
3360,748.063
3344,23.497
3376,0
3504,0
3920,0
3888,0
3504,0
3536,0
3280,0
2896,0
2832,0
2768,0
2624,0
2576,0
2480,0
2288,16.312
2944,313.744
3200,695.306
3104,1539.342
3184,2302.178
3568,2815.48
3648,3071.419
3568,2993.36
3824,2485.732
3936,1327.789
3488,21.216
3376,0
3328,0
3664,0
3920,0
3632,0
3568,0
3584,0
5264,0
3184,0
3072,0
3056,0
2944,0
2784,0
2816,8.411
2848,309.521
3360,650.397
3616,795.281
3648,916.057
3504,974.89
3184,777.948
3184,610.399
2992,361.717
2736,163.192
2640,0
2512,0
2512,0
2896,0
3216,0
2992,0
3024,0
2960,0
1120,0
1008,0
832,0
752,0
752,0
800,0
992,7.141
1520,294.764
1808,701.461
1936,1376.019
2112,2069.571
2288,2785.984
2352,3020.031
2048,3018.717
2000,1545.616
2352,295.907
2496,0
3008,0
2928,0
3104,0
2560,0
2512,0
2480,0
2352,0
1600,0
1328,0
880,0
864,0
864,0
880,0
1120,0
1792,268.363
1920,774.637
2096,1336.891
2400,2037.989
2672,2544.982
2624,2936.095
2592,2838.397
2064,2280.849
2304,1077.626
2240,6.351
2400,0
2240,0
2768,0
2864,0
2752,0
2928,0
2432,0
1072,0
960,0
912,0
864,0
848,0
912,0
1280,3.713
2032,318.733
1936,723.822
1904,1488.427
2320,1963.519
2336,1738.65
2208,1430.865
2128,1193.179
2080,678.45
2400,172.109
2144,0
2752,0
2976,0
3200,0
2912,0
2768,0
2176,0
1840,0
912,0
864,0
864,0
848,0
832,0
848,0
1136,0.435
1568,186.978
1760,538.302
1824,1472.592
2048,2321.205
2176,2930.099
1968,3231.461
2000,3190.002
1696,2761.092
2016,1862.505
2368,332.079
2688,0
2944,0
3056,0
3104,0
3040,0
2912,0
2336,0
992,0
928,0
928,0
864,0
896,0
912,0
976,0
1776,46.174
2208,193.706
2144,327.921
2400,341.588
2336,263.534
2240,209.009
2208,171.077
2208,124.863
2624,35.901
2624,0
2832,0
2864,0
3232,0
3216,0
3472,0
3504,0
3360,0
1664,0
1248,0
992,0
1024,0
976,0
1040,0
1216,0
2112,257.786
2784,662.629
2816,969.872
2864,1299.245
2976,1548.928
3120,2134.675
2944,1910.826
2656,773.092
2768,146.643
2880,0
3152,0
3104,0
3200,0
3216,0
3264,0
3248,0
3296,0
1808,0
1296,0
1088,0
1088,0
1024,0
1072,0
1216,0
1840,110.234
2144,387.612
2256,800.339
2832,1381.874
3184,1390.775
3104,1457.204
2816,687.106
2880,189.819
3056,32.961
3120,0
3392,0
3072,0
3184,0
2800,0
2800,0
2608,0
2464,0
1168,0
1024,0
1024,0
912,0
848,0
864,0
976,0
1552,257.986
1936,684.43
2064,1218.493
2320,1517.071
2800,1021.415
2672,689.665
2544,714.185
2432,788.315
2896,476.878
2944,0
3136,0
3072,0
3376,0
2768,0
2512,0
2848,0
2944,0
1520,0
1328,0
928,0
880,0
848,0
976,0
1232,0
1840,101.222
1888,416.415
2224,877.325
2448,1825.05
2768,2357.706
3056,2404.382
2672,2157.925
2848,1395.868
2816,274.017
2592,0
2672,0
2752,0
2736,0
2368,0
2400,0
2320,0
2048,0
1056,0
1008,0
944,0
928,0
912,0
928,0
1376,0
2352,153.096
2176,476.843
2672,816.075
2688,1376.365
2736,1594.911
2784,1298.386
2816,687.381
2656,262.204
3072,56.814
3136,0
3296,0
3200,0
3552,0
3056,0
3104,0
2896,0
2912,0
1488,0
1296,0
1088,0
1088,0
1088,0
1152,0
1504,0
1856,155.582
2176,568.513
2368,1197.098
2416,1384.114
2496,1810.809
2448,1792.188
2288,490.849
2304,194.208
2320,115.707
2224,0
1920,0
2080,0
2336,0
2224,0
1920,0
1744,0
1472,0
1536,0
1696,0
1264,0
1200,0
1248,0
1712,0
2064,0
2608,135.464
2400,435.125
2752,750.29
2912,877.271
3008,718.832
3056,569.352
2976,426.395
3056,211.856
3088,34
3024,0
3040,0
3072,0
3280,0
3104,0
3200,0
2960,0
2624,0
2208,0
2144,0
2000,0
1808,0
1760,0
1824,0
1920,0
2336,193.797
2352,523.473
2624,1175.58
2864,1892.846
3120,2386.159
3072,2396.942
2976,2180.387
3312,1528.242
3568,438.331
3584,0
3712,0
3552,0
3712,0
3600,0
3584,0
3616,0
3488,0
3120,0
2912,0
2848,0
2688,0
2464,0
2528,0
2432,0
2912,105.527
2880,455.345
2896,898.575
2944,1261.059
2992,1690.05
2896,2489.754
2848,2480.514
2896,1961.962
2864,727.603
2784,0
2784,0
2800,0
2688,0
2176,0
2160,0
2128,0
2048,0
1280,0
1184,0
1168,0
1056,0
1056,0
1040,0
1248,0
1840,139.842
1920,533.412
2240,1035.733
2352,1624.515
2400,2069.897
2416,2235.921
2288,2012.922
2192,577.724
2448,58.765
2544,0
2800,0
2592,0
2912,0
2432,0
2336,0
2272,0
2048,0
944,0
912,0
912,0
880,0
864,0
880,0
1488,0
2032,98.831
1936,449.801
2064,929.619
2048,1288.871
2032,1655.835
1968,1646.898
1920,1206.018
1920,554.433
2432,183.235
2544,0
2688,0
2704,0
2720,0
2784,0
2832,0
2768,0
2592,0
1264,0
960,0
960,0
928,0
912,0
928,0
1024,0
1440,149.782
1712,539.247
1856,1132.695
1968,1591.657
2096,1352.324
1984,843.412
2016,553.584
1904,316.606
2240,48.786
2240,0
2592,0
2672,0
3184,0
2976,0
2832,0
2800,0
2448,0
1328,0
1232,0
992,0
848,0
832,0
896,0
1200,0
1744,85.437
2048,493.528
2160,1080.057
2320,1565.287
2256,1826.712
2000,2196.239
1920,2225.762
2080,1625.176
2176,272.224
2544,0
2656,0
2944,0
3104,0
3024,0
2800,0
2800,0
2112,0
944,0
896,0
864,0
832,0
816,0
848,0
1296,0
2032,56.63
2240,249.317
2288,401.025
2256,570.802
2304,664.26
2304,611.225
2400,556.211
2576,382.311
2848,75.478
2720,0
2624,0
2432,0
2656,0
2816,0
2832,0
2672,0
2320,0
1120,0
992,0
944,0
864,0
864,0
992,0
1312,0
1744,120.999
2272,448.741
2256,964.731
2432,1544.229
2224,2186.637
2288,2418.905
2256,2284.551
2256,1679.02
2560,380.95
2528,0
2800,0
3040,0
3168,0
2992,0
2928,0
2848,0
2640,0
1440,0
1168,0
832,0
784,0
784,0
816,0
1440,0
2048,36.86
2592,315.263
2688,284.377
2544,387.754
2688,514.285
2688,310.424
2448,181.725
2080,57.102
2064,0
2032,0
2016,0
1712,0
1488,0
1328,0
1296,0
1232,0
1040,0
848,0
800,0
800,0
752,0
752,0
800,0
912,0
1296,35.936
1584,385.875
1744,836.706
2016,1273.011
2240,1383.119
2032,1025.074
2032,619.31
1888,255.868
2048,21.435
1968,0
2640,0
2656,0
2624,0
2224,0
2240,0
2432,0
2336,0
1472,0
1280,0
1168,0
1088,0
1088,0
1136,0
1280,0
1648,62.978
1840,408.712
2208,820.652
2096,1265.447
2016,1463.067
1920,1512.595
1904,1394.248
1984,803.682
2416,152.343
2432,0
2592,0
2352,0
2880,0
2864,0
2816,0
2704,0
2272,0
1136,0
816,0
800,0
768,0
768,0
784,0
1008,0
1888,61.7
1824,404.323
2032,920.737
2096,1616.078
2608,2187.115
2400,2384.2
2256,2243.147
2080,1529.671
2416,260.47
2352,0
2720,0
2912,0
3248,0
3088,0
3008,0
2688,0
1968,0
928,0
864,0
864,0
848,0
960,0
1040,0
1184,0
2016,13.423
2000,179.328
2288,397.256
2368,580.102
2224,683.492
2176,680.899
2112,535.852
2432,275.934
2784,18.302
2720,0
2896,0
3056,0
3184,0
2992,0
2992,0
2928,0
2448,0
1312,0
1232,0
1200,0
1184,0
1184,0
1232,0
1520,0
2208,7.297
2272,176.974
2464,418.588
2432,596.736
2368,814.411
2192,909.773
2400,789.767
2416,532.002
2832,61.66
3120,0
2736,0
2640,0
2896,0
2688,0
2528,0
2384,0
2160,0
1472,0
1088,0
880,0
864,0
832,0
896,0
1040,0
1680,32.288
1792,380.454
1952,894.861
2224,1457.563
2336,1773.446
2128,1763.192
2400,1310.461
2320,637.212
2592,69.875
2416,0
2464,0
2768,0
3104,0
3104,0
2976,0
3152,0
2944,0
1248,0
944,0
912,0
880,0
864,0
912,0
1040,0
1520,19.146
1648,237.851
1904,580.963
1920,954.461
2016,1256.827
2240,1387.955
2480,1166.806
2672,726.471
2624,56.273
2432,0
2608,0
3088,0
3200,0
3040,0
3056,0
2896,0
2448,0
1328,0
1344,0
1296,0
1216,0
1152,0
1056,0
1488,0
2048,2.765
2048,140.446
2496,343.862
2864,464.15
2976,455.974
3200,427.227
2832,297.501
3264,122.911
3232,0
3200,0
3168,0
3296,0
3360,0
2416,0
2192,0
1872,0
1728,0
1152,0
1040,0
992,0
1056,0
1040,0
1056,0
1072,0
1536,5.525
1952,134.276
2064,280.885
2128,467.218
2096,598.676
2240,532.567
2224,517.515
2128,263.594
2064,6.485
1952,0
1824,0
1488,0
1456,0
1408,0
1264,0
1280,0
1120,0
896,0
880,0
1056,0
1152,0
1120,0
1200,0
1216,0
2128,14.249
2816,109.859
2672,205.609
2672,395.461
2896,1164.3
2944,1595.012
2960,1231.428
2976,597.153
3232,17.293
3184,0
3184,0
3008,0
3184,0
3088,0
2976,0
3120,0
2896,0
1328,0
1024,0
912,0
880,0
880,0
896,0
1072,0
1776,2.716
1936,151.233
2256,415.86
2832,639.659
3168,798.266
3120,914.49
2880,695.985
2608,271.405
2656,0
2576,0
2752,0
3184,0
3264,0
3088,0
3008,0
2944,0
3088,0
1600,0
1136,0
896,0
832,0
800,0
848,0
1328,0
1872,0
1936,183.26
2304,585.192
2480,1111.983
2384,1450.583
2352,1481.793
2416,1427.557
2192,972.585
2432,55.011
2416,0
2416,0
2496,0
2864,0
2784,0
2768,0
2640,0
2272,0
1392,0
1008,0
976,0
960,0
928,0
1120,0
1600,0
2176,5.88
2304,215.402
2432,527.478
2560,712.156
2944,1751.508
2912,1833.677
2880,1648.042
2576,1014.974
2656,59.289
2512,0
2752,0
2496,0
2880,0
3040,0
3120,0
2960,0
2848,0
2384,0
2048,0
1904,0
1824,0
1392,0
1312,0
1392,0
2048,11.827
2320,152.01
2592,267.587
2720,395.454
2960,415.357
2944,323.33
2800,242.136
2528,166.64
2736,0
2928,0
3040,0
3024,0
3120,0
2816,0
2672,0
2256,0
1744,0
1072,0
1024,0
928,0
896,0
912,0
928,0
1024,0
1568,26.995
1920,296.717
2176,743.69
2512,1323.79
2592,1627.085
2096,1572.029
2112,967.046
1984,378.223
2192,0.856
2320,0
2368,0
2560,0
2928,0
2896,0
2928,0
2848,0
2208,0
896,0
848,0
848,0
816,0
784,0
832,0
928,0
1248,0
1808,80.266
1792,266.126
1920,583.924
1904,776.883
1824,753.493
1920,656.893
1808,259.06
1760,1.533
1712,0
1936,0
2016,0
1936,0
1568,0
1328,0
1280,0
1136,0
880,0
864,0
816,0
800,0
800,0
816,0
960,0
1552,19.234
1824,256.861
1888,671.85
2256,1366.3
2224,1893.446
2432,2123.398
2160,1970.578
2112,1318.57
2256,63.316
2000,0
2224,0
2592,0
3024,0
2848,0
3024,0
2720,0
2320,0
944,0
864,0
816,0
800,0
800,0
1312,0
1824,0
2432,15.911
2512,290.654
2608,693.074
2720,1295.068
2768,1866.591
2592,2115.268
2688,1920.429
2944,1178.389
2928,39.159
2800,0
2656,0
2592,0
2560,0
2240,0
1840,0
1856,0
1616,0
976,0
928,0
896,0
832,0
800,0
816,0
976,0
1872,0
1984,155.399
2176,381.98
2448,582.186
2304,721.159
2176,652.405
2256,414.201
2064,119.279
2320,0
2304,0
2704,0
2960,0
3152,0
3200,0
3120,0
3008,0
2608,0
992,0
864,0
816,0
784,0
768,0
848,0
880,0
1632,0
1808,113.648
2048,367.57
1984,858.924
1936,1058.704
1952,1266.184
1792,988.392
1760,574.13
2080,3.059
2368,0
2160,0
2176,0
2496,0
2688,0
2656,0
2544,0
1824,0
896,0
832,0
800,0
768,0
752,0
832,0
880,0
2128,0
2720,140.922
2928,260.662
2624,211.886
2992,159.855
2704,168.762
2992,77.061
2896,7.301
2672,0
3040,0
3264,0
3024,0
2800,0
2544,0
2368,0
1936,0
1584,0
816,0
768,0
752,0
736,0
720,0
1088,0
1184,0
1488,0
1888,111.131
1840,180.147
1984,455.033
2176,685.547
2112,529.025
2240,439.422
2064,217.677
2320,0
2656,0
2976,0
2976,0
2784,0
3120,0
3088,0
2976,0
2544,0
896,0
832,0
768,0
784,0
784,0
800,0
912,0
1424,0
1728,144.201
1808,406.785
1952,991.266
2176,1623.122
1856,1715.575
1968,1059.754
1968,445.822
2160,1.169
2304,0
2432,0
2400,0
2816,0
2896,0
2864,0
2960,0
2512,0
1168,0
864,0
816,0
784,0
784,0
800,0
192,0
1264,0
1424,61.829
1664,151.672
1968,203.889
2032,213.353
1872,169.687
2032,73.54
1904,12.081
2432,0
2432,0
2448,0
2368,0
3008,0
3024,0
2880,0
2928,0
2192,0
880,0
800,0
768,0
720,0
720,0
752,0
1056,0
1760,0
1824,121.274
1824,327.238
1984,490.073
1968,529.491
2160,501.977
2304,555.35
2320,255.209
2896,0
2832,0
2768,0
2896,0
3072,0
2784,0
2368,0
2336,0
1840,0
912,0
832,0
784,0
752,0
752,0
784,0
912,0
1456,0
1536,58.718
2096,128.318
2064,180.845
2160,236.746
2032,287.57
2064,332.225
1984,134.237
2176,0
2544,0
2704,0
2720,0
2944,0
2864,0
2880,0
2704,0
2432,0
2016,0
1808,0
1808,0
1680,0
1680,0
1728,0
1808,0
2112,0
2064,279.973
2192,604.896
2288,828.127
2240,931.975
2240,1091.609
2240,1095.707
2096,550.872
2176,0
2240,0
2240,0
2448,0
2464,0
2336,0
2144,0
2144,0
1984,0
1584,0
1568,0
1520,0
1232,0
1216,0
1232,0
1296,0
1680,0
1488,178.209
1776,532.381
1936,731.068
1824,721.062
1904,635.034
1952,442.154
2016,170.234
2272,0
2176,0
2288,0
2736,0
2928,0
2768,0
2672,0
2160,0
1952,0
1376,0
1312,0
1280,0
1264,0
1264,0
1280,0
1376,0
2016,0
2304,156.916
2368,269.271
2304,486.134
2240,548.189
2400,585.766
2608,452.282
2544,174.661
2336,0
2304,0
2288,0
2352,0
2704,0
2624,0
2544,0
2288,0
2112,0
1424,0
1376,0
1280,0
1216,0
1200,0
1248,0
1376,0
1904,2.585
2192,260.954
2240,602.859
2192,1026.988
2224,1391.192
2080,1249.381
2256,838.923
2352,296.538
2384,0
2480,0
2496,0
2512,0
2160,0
1920,0
2240,0
2064,0
1920,0
1456,0
1232,0
1120,0
1120,0
1136,0
1216,0
1296,0
2160,0
2352,200.002
2576,434.379
3120,722.895
3152,975.261
2976,1115.229
2800,910.242
2832,377.323
2848,0
3360,0
3024,0
2992,0
3296,0
2944,0
2880,0
2656,0
1936,0
896,0
816,0
784,0
768,0
752,0
784,0
1168,0
1888,0
1872,146.775
2000,442.288
2624,797.995
3200,936.482
3072,813.696
3024,570.625
2896,238.55
2992,0
2976,0
2768,0
3136,0
3296,0
2944,0
2816,0
2560,0
2032,0
1216,0
944,0
912,0
784,0
784,0
816,0
1040,0
1584,0
1888,108.573
1856,281.878
2016,390.976
2064,317.072
2032,224.88
2384,106.863
2496,17.798
2544,0
2720,0
3232,0
3248,0
3376,0
3168,0
2912,0
2480,0
1952,0
1248,0
1120,0
1040,0
1008,0
1008,0
1056,0
1152,0
1504,0
1392,110.403
1792,343.205
1664,492.858
1904,801.204
2416,1159.051
2800,976.078
2864,339.789
2752,0
2688,0
2864,0
2880,0
2944,0
2768,0
2704,0
2192,0
1680,0
864,0
832,0
768,0
752,0
736,0
800,0
864,0
1616,0
1840,270.377
1872,511.976
1632,536.281
2112,484.986
2704,362.041
2752,295.058
2640,115.076
2832,0
2784,0
3008,0
2912,0
2960,0
2720,0
2288,0
1824,0
1360,0
816,0
800,0
768,0
752,0
736,0
752,0
896,0
1440,0
1296,96.77
1680,393.315
1776,732.177
1936,792.461
1968,822.804
1824,610.404
1728,210.864
2144,0
2384,0
2912,0
2896,0
2960,0
2768,0
2688,0
2480,0
1872,0
864,0
816,0
768,0
752,0
736,0
784,0
848,0
1120,0
1216,64.602
1376,216.999
1120,47.384
1120,67.459
1072,236.753
1056,500.327
1056,237.298
1024,0
1056,0
1072,0
1088,0
1168,0
1040,0
1040,0
1040,0
1008,0
784,0
784,0
752,0
736,0
720,0
784,0
832,0
1200,0
1344,171.457
1280,383.373
1264,538.342
1232,633.146
1520,873.618
1680,865.885
1904,430.392
2336,0
2624,0
2496,0
2928,0
2944,0
2736,0
2528,0
1952,0
1488,0
896,0
816,0
800,0
752,0
768,0
832,0
912,0
1232,0
1488,174.535
2016,472.268
1840,830.069
2336,808.027
2816,525.69
2864,233.827
2784,42.966
2832,0
2928,0
2880,0
2944,0
2896,0
2688,0
2320,0
1888,0
1760,0
864,0
816,0
784,0
768,0
768,0
800,0
880,0
1312,0
1552,186.649
1648,549.138
1632,974.228
1584,1446.797
1680,1653.296
1696,1352.69
1744,641.433
2368,0
2512,0
2624,0
2768,0
3040,0
2816,0
2688,0
2400,0
1712,0
848,0
816,0
768,0
752,0
752,0
784,0
848,0
1216,3.279
1392,238.292
1776,503.434
1712,1189.002
1792,1714.63
2304,1934.461
2752,1733.5
2848,973.097
2800,7.742
2832,0
3040,0
2768,0
3040,0
2896,0
2688,0
2288,0
1712,0
896,0
848,0
816,0
784,0
784,0
832,0
896,0
1280,1.127
1568,192.031
1936,455.043
1840,984.19
2240,1595.014
2752,1304.878
2816,845.962
2784,603.595
2736,0
2800,0
2864,0
3008,0
2976,0
2784,0
2240,0
1728,0
1344,0
848,0
816,0
784,0
752,0
768,0
784,0
864,0
1296,5.155
1616,228.827
1648,505.321
1568,1187.98
1712,1667.1
1824,1658.167
2240,1235.951
2112,597.92
2368,1.538
2512,0
2816,0
2816,0
2992,0
2832,0
2736,0
2448,0
1696,0
896,0
864,0
816,0
800,0
800,0
832,0
896,0
1264,0
1360,233.755
1936,508.945
2000,648.499
2144,634.396
2592,603.449
2656,432.136
2784,162.202
2864,0
2912,0
2896,0
2944,0
3152,0
2960,0
2880,0
2624,0
1984,0
